src_plant,dst_compound,relation,source_db
P_90,C_0,PRODUCES,ANPDB
P_90,C_1,PRODUCES,ANPDB
P_190,C_3,PRODUCES,ANPDB
P_78,C_4,PRODUCES,ANPDB
P_27,C_5,PRODUCES,ANPDB
P_4,C_6,PRODUCES,ANPDB
P_12,C_7,PRODUCES,ANPDB
P_62,C_8,PRODUCES,ANPDB
P_16,C_12,PRODUCES,ANPDB
P_25,C_13,PRODUCES,ANPDB
P_27,C_14,PRODUCES,ANPDB
P_27,C_15,PRODUCES,ANPDB
P_27,C_16,PRODUCES,ANPDB
P_27,C_17,PRODUCES,ANPDB
P_84,C_18,PRODUCES,ANPDB
P_145,C_19,PRODUCES,ANPDB
P_267,C_20,PRODUCES,ANPDB
P_305,C_21,PRODUCES,ANPDB
P_305,C_22,PRODUCES,ANPDB
P_305,C_23,PRODUCES,ANPDB
P_305,C_24,PRODUCES,ANPDB
P_304,C_25,PRODUCES,ANPDB
P_304,C_26,PRODUCES,ANPDB
P_273,C_27,PRODUCES,ANPDB
P_164,C_28,PRODUCES,ANPDB
P_76,C_29,PRODUCES,ANPDB
P_88,C_31,PRODUCES,ANPDB
P_86,C_32,PRODUCES,ANPDB
P_87,C_33,PRODUCES,ANPDB
P_87,C_34,PRODUCES,ANPDB
P_76,C_35,PRODUCES,ANPDB
P_1,C_36,PRODUCES,ANPDB
P_1,C_37,PRODUCES,ANPDB
P_12,C_38,PRODUCES,ANPDB
P_223,C_39,PRODUCES,ANPDB
P_7,C_40,PRODUCES,ANPDB
P_66,C_41,PRODUCES,ANPDB
P_66,C_42,PRODUCES,ANPDB
P_314,C_43,PRODUCES,ANPDB
P_66,C_44,PRODUCES,ANPDB
P_156,C_45,PRODUCES,ANPDB
P_136,C_46,PRODUCES,ANPDB
P_179,C_47,PRODUCES,ANPDB
P_12,C_48,PRODUCES,ANPDB
P_12,C_49,PRODUCES,ANPDB
P_134,C_50,PRODUCES,ANPDB
P_1,C_51,PRODUCES,ANPDB
P_65,C_52,PRODUCES,ANPDB
P_68,C_53,PRODUCES,ANPDB
P_87,C_54,PRODUCES,ANPDB
P_67,C_55,PRODUCES,ANPDB
P_161,C_56,PRODUCES,ANPDB
P_82,C_57,PRODUCES,ANPDB
P_93,C_58,PRODUCES,ANPDB
P_64,C_59,PRODUCES,ANPDB
P_94,C_61,PRODUCES,ANPDB
P_129,C_62,PRODUCES,ANPDB
P_21,C_63,PRODUCES,ANPDB
P_103,C_64,PRODUCES,ANPDB
P_91,C_65,PRODUCES,ANPDB
P_14,C_66,PRODUCES,ANPDB
P_87,C_67,PRODUCES,ANPDB
P_25,C_68,PRODUCES,ANPDB
P_21,C_75,PRODUCES,ANPDB
P_285,C_76,PRODUCES,ANPDB
P_12,C_77,PRODUCES,ANPDB
P_92,C_78,PRODUCES,ANPDB
P_106,C_79,PRODUCES,ANPDB
P_25,C_81,PRODUCES,ANPDB
P_153,C_82,PRODUCES,ANPDB
P_155,C_83,PRODUCES,ANPDB
P_112,C_84,PRODUCES,ANPDB
P_135,C_85,PRODUCES,ANPDB
P_109,C_86,PRODUCES,ANPDB
P_109,C_87,PRODUCES,ANPDB
P_109,C_88,PRODUCES,ANPDB
P_109,C_89,PRODUCES,ANPDB
P_109,C_90,PRODUCES,ANPDB
P_109,C_91,PRODUCES,ANPDB
P_109,C_92,PRODUCES,ANPDB
P_109,C_93,PRODUCES,ANPDB
P_109,C_94,PRODUCES,ANPDB
P_109,C_95,PRODUCES,ANPDB
P_109,C_96,PRODUCES,ANPDB
P_109,C_97,PRODUCES,ANPDB
P_109,C_98,PRODUCES,ANPDB
P_109,C_99,PRODUCES,ANPDB
P_109,C_100,PRODUCES,ANPDB
P_109,C_101,PRODUCES,ANPDB
P_109,C_102,PRODUCES,ANPDB
P_109,C_103,PRODUCES,ANPDB
P_109,C_104,PRODUCES,ANPDB
P_109,C_105,PRODUCES,ANPDB
P_109,C_106,PRODUCES,ANPDB
P_109,C_107,PRODUCES,ANPDB
P_109,C_108,PRODUCES,ANPDB
P_109,C_109,PRODUCES,ANPDB
P_109,C_110,PRODUCES,ANPDB
P_109,C_111,PRODUCES,ANPDB
P_109,C_112,PRODUCES,ANPDB
P_109,C_113,PRODUCES,ANPDB
P_109,C_114,PRODUCES,ANPDB
P_109,C_115,PRODUCES,ANPDB
P_109,C_116,PRODUCES,ANPDB
P_109,C_117,PRODUCES,ANPDB
P_109,C_118,PRODUCES,ANPDB
P_109,C_119,PRODUCES,ANPDB
P_109,C_120,PRODUCES,ANPDB
P_109,C_121,PRODUCES,ANPDB
P_109,C_122,PRODUCES,ANPDB
P_109,C_123,PRODUCES,ANPDB
P_109,C_124,PRODUCES,ANPDB
P_205,C_125,PRODUCES,ANPDB
P_310,C_126,PRODUCES,ANPDB
P_310,C_127,PRODUCES,ANPDB
P_310,C_128,PRODUCES,ANPDB
P_310,C_129,PRODUCES,ANPDB
P_121,C_132,PRODUCES,ANPDB
P_121,C_133,PRODUCES,ANPDB
P_121,C_134,PRODUCES,ANPDB
P_130,C_135,PRODUCES,ANPDB
P_73,C_136,PRODUCES,ANPDB
P_143,C_137,PRODUCES,ANPDB
P_91,C_138,PRODUCES,ANPDB
P_144,C_139,PRODUCES,ANPDB
P_75,C_140,PRODUCES,ANPDB
P_87,C_142,PRODUCES,ANPDB
P_3,C_143,PRODUCES,ANPDB
P_118,C_144,PRODUCES,ANPDB
P_12,C_145,PRODUCES,ANPDB
P_125,C_146,PRODUCES,ANPDB
P_297,C_147,PRODUCES,ANPDB
P_297,C_148,PRODUCES,ANPDB
P_297,C_149,PRODUCES,ANPDB
P_137,C_150,PRODUCES,ANPDB
P_297,C_151,PRODUCES,ANPDB
P_297,C_152,PRODUCES,ANPDB
P_297,C_153,PRODUCES,ANPDB
P_163,C_154,PRODUCES,ANPDB
P_297,C_155,PRODUCES,ANPDB
P_104,C_156,PRODUCES,ANPDB
P_87,C_157,PRODUCES,ANPDB
P_161,C_158,PRODUCES,ANPDB
P_13,C_159,PRODUCES,ANPDB
P_133,C_160,PRODUCES,ANPDB
P_64,C_161,PRODUCES,ANPDB
P_77,C_162,PRODUCES,ANPDB
P_230,C_163,PRODUCES,ANPDB
P_78,C_164,PRODUCES,ANPDB
P_205,C_166,PRODUCES,ANPDB
P_341,C_167,PRODUCES,ANPDB
P_341,C_168,PRODUCES,ANPDB
P_341,C_169,PRODUCES,ANPDB
P_341,C_170,PRODUCES,ANPDB
P_341,C_171,PRODUCES,ANPDB
P_341,C_172,PRODUCES,ANPDB
P_341,C_173,PRODUCES,ANPDB
P_341,C_174,PRODUCES,ANPDB
P_341,C_175,PRODUCES,ANPDB
P_341,C_176,PRODUCES,ANPDB
P_341,C_177,PRODUCES,ANPDB
P_341,C_178,PRODUCES,ANPDB
P_341,C_179,PRODUCES,ANPDB
P_341,C_180,PRODUCES,ANPDB
P_341,C_181,PRODUCES,ANPDB
P_334,C_182,PRODUCES,ANPDB
P_341,C_183,PRODUCES,ANPDB
P_341,C_184,PRODUCES,ANPDB
P_341,C_185,PRODUCES,ANPDB
P_341,C_186,PRODUCES,ANPDB
P_341,C_187,PRODUCES,ANPDB
P_341,C_188,PRODUCES,ANPDB
P_1,C_189,PRODUCES,ANPDB
P_331,C_190,PRODUCES,ANPDB
P_341,C_191,PRODUCES,ANPDB
P_341,C_192,PRODUCES,ANPDB
P_341,C_193,PRODUCES,ANPDB
P_134,C_194,PRODUCES,ANPDB
P_24,C_195,PRODUCES,ANPDB
P_341,C_196,PRODUCES,ANPDB
P_334,C_197,PRODUCES,ANPDB
P_334,C_198,PRODUCES,ANPDB
P_334,C_199,PRODUCES,ANPDB
P_334,C_200,PRODUCES,ANPDB
P_191,C_201,PRODUCES,ANPDB
P_87,C_202,PRODUCES,ANPDB
P_90,C_203,PRODUCES,ANPDB
P_1,C_204,PRODUCES,ANPDB
P_1,C_205,PRODUCES,ANPDB
P_68,C_206,PRODUCES,ANPDB
P_68,C_208,PRODUCES,ANPDB
P_68,C_209,PRODUCES,ANPDB
P_12,C_211,PRODUCES,ANPDB
P_63,C_212,PRODUCES,ANPDB
P_87,C_213,PRODUCES,ANPDB
P_87,C_214,PRODUCES,ANPDB
P_87,C_215,PRODUCES,ANPDB
P_87,C_216,PRODUCES,ANPDB
P_87,C_217,PRODUCES,ANPDB
P_87,C_218,PRODUCES,ANPDB
P_85,C_219,PRODUCES,ANPDB
P_85,C_220,PRODUCES,ANPDB
P_85,C_221,PRODUCES,ANPDB
P_85,C_222,PRODUCES,ANPDB
P_87,C_223,PRODUCES,ANPDB
P_82,C_225,PRODUCES,ANPDB
P_82,C_226,PRODUCES,ANPDB
P_82,C_227,PRODUCES,ANPDB
P_66,C_228,PRODUCES,ANPDB
P_66,C_230,PRODUCES,ANPDB
P_82,C_231,PRODUCES,ANPDB
P_82,C_233,PRODUCES,ANPDB
P_82,C_234,PRODUCES,ANPDB
P_82,C_235,PRODUCES,ANPDB
P_82,C_236,PRODUCES,ANPDB
P_82,C_237,PRODUCES,ANPDB
P_82,C_239,PRODUCES,ANPDB
P_82,C_240,PRODUCES,ANPDB
P_82,C_241,PRODUCES,ANPDB
P_82,C_242,PRODUCES,ANPDB
P_82,C_243,PRODUCES,ANPDB
P_82,C_244,PRODUCES,ANPDB
P_9,C_245,PRODUCES,ANPDB
P_79,C_246,PRODUCES,ANPDB
P_87,C_247,PRODUCES,ANPDB
P_87,C_248,PRODUCES,ANPDB
P_87,C_249,PRODUCES,ANPDB
P_70,C_250,PRODUCES,ANPDB
P_87,C_251,PRODUCES,ANPDB
P_87,C_252,PRODUCES,ANPDB
P_87,C_253,PRODUCES,ANPDB
P_87,C_254,PRODUCES,ANPDB
P_86,C_255,PRODUCES,ANPDB
P_87,C_256,PRODUCES,ANPDB
P_87,C_257,PRODUCES,ANPDB
P_86,C_258,PRODUCES,ANPDB
P_87,C_259,PRODUCES,ANPDB
P_87,C_260,PRODUCES,ANPDB
P_87,C_261,PRODUCES,ANPDB
P_87,C_262,PRODUCES,ANPDB
P_86,C_263,PRODUCES,ANPDB
P_86,C_264,PRODUCES,ANPDB
P_87,C_265,PRODUCES,ANPDB
P_87,C_266,PRODUCES,ANPDB
P_86,C_267,PRODUCES,ANPDB
P_10,C_268,PRODUCES,ANPDB
P_87,C_269,PRODUCES,ANPDB
P_87,C_270,PRODUCES,ANPDB
P_87,C_271,PRODUCES,ANPDB
P_87,C_272,PRODUCES,ANPDB
P_87,C_273,PRODUCES,ANPDB
P_87,C_274,PRODUCES,ANPDB
P_87,C_275,PRODUCES,ANPDB
P_87,C_276,PRODUCES,ANPDB
P_87,C_277,PRODUCES,ANPDB
P_87,C_278,PRODUCES,ANPDB
P_87,C_279,PRODUCES,ANPDB
P_87,C_280,PRODUCES,ANPDB
P_87,C_281,PRODUCES,ANPDB
P_87,C_282,PRODUCES,ANPDB
P_87,C_283,PRODUCES,ANPDB
P_87,C_284,PRODUCES,ANPDB
P_11,C_285,PRODUCES,ANPDB
P_73,C_286,PRODUCES,ANPDB
P_92,C_287,PRODUCES,ANPDB
P_92,C_288,PRODUCES,ANPDB
P_73,C_289,PRODUCES,ANPDB
P_87,C_290,PRODUCES,ANPDB
P_92,C_291,PRODUCES,ANPDB
P_87,C_292,PRODUCES,ANPDB
P_87,C_293,PRODUCES,ANPDB
P_83,C_294,PRODUCES,ANPDB
P_83,C_295,PRODUCES,ANPDB
P_83,C_296,PRODUCES,ANPDB
P_83,C_297,PRODUCES,ANPDB
P_83,C_298,PRODUCES,ANPDB
P_83,C_299,PRODUCES,ANPDB
P_82,C_300,PRODUCES,ANPDB
P_75,C_301,PRODUCES,ANPDB
P_83,C_302,PRODUCES,ANPDB
P_86,C_303,PRODUCES,ANPDB
P_86,C_304,PRODUCES,ANPDB
P_86,C_305,PRODUCES,ANPDB
P_86,C_306,PRODUCES,ANPDB
P_86,C_307,PRODUCES,ANPDB
P_86,C_308,PRODUCES,ANPDB
P_86,C_309,PRODUCES,ANPDB
P_86,C_310,PRODUCES,ANPDB
P_87,C_311,PRODUCES,ANPDB
P_87,C_312,PRODUCES,ANPDB
P_87,C_313,PRODUCES,ANPDB
P_87,C_314,PRODUCES,ANPDB
P_87,C_315,PRODUCES,ANPDB
P_87,C_316,PRODUCES,ANPDB
P_87,C_317,PRODUCES,ANPDB
P_87,C_318,PRODUCES,ANPDB
P_87,C_319,PRODUCES,ANPDB
P_87,C_320,PRODUCES,ANPDB
P_87,C_321,PRODUCES,ANPDB
P_87,C_322,PRODUCES,ANPDB
P_87,C_323,PRODUCES,ANPDB
P_87,C_324,PRODUCES,ANPDB
P_87,C_325,PRODUCES,ANPDB
P_87,C_326,PRODUCES,ANPDB
P_87,C_327,PRODUCES,ANPDB
P_87,C_328,PRODUCES,ANPDB
P_87,C_329,PRODUCES,ANPDB
P_87,C_330,PRODUCES,ANPDB
P_87,C_331,PRODUCES,ANPDB
P_11,C_332,PRODUCES,ANPDB
P_84,C_333,PRODUCES,ANPDB
P_84,C_334,PRODUCES,ANPDB
P_84,C_335,PRODUCES,ANPDB
P_84,C_336,PRODUCES,ANPDB
P_65,C_337,PRODUCES,ANPDB
P_84,C_338,PRODUCES,ANPDB
P_84,C_339,PRODUCES,ANPDB
P_84,C_340,PRODUCES,ANPDB
P_93,C_341,PRODUCES,ANPDB
P_93,C_342,PRODUCES,ANPDB
P_93,C_343,PRODUCES,ANPDB
P_93,C_344,PRODUCES,ANPDB
P_93,C_345,PRODUCES,ANPDB
P_93,C_346,PRODUCES,ANPDB
P_93,C_347,PRODUCES,ANPDB
P_93,C_348,PRODUCES,ANPDB
P_93,C_349,PRODUCES,ANPDB
P_93,C_350,PRODUCES,ANPDB
P_93,C_351,PRODUCES,ANPDB
P_93,C_352,PRODUCES,ANPDB
P_93,C_353,PRODUCES,ANPDB
P_93,C_354,PRODUCES,ANPDB
P_82,C_355,PRODUCES,ANPDB
P_93,C_356,PRODUCES,ANPDB
P_73,C_357,PRODUCES,ANPDB
P_92,C_358,PRODUCES,ANPDB
P_91,C_359,PRODUCES,ANPDB
P_91,C_360,PRODUCES,ANPDB
P_88,C_361,PRODUCES,ANPDB
P_87,C_362,PRODUCES,ANPDB
P_87,C_363,PRODUCES,ANPDB
P_88,C_364,PRODUCES,ANPDB
P_88,C_365,PRODUCES,ANPDB
P_88,C_366,PRODUCES,ANPDB
P_88,C_367,PRODUCES,ANPDB
P_88,C_368,PRODUCES,ANPDB
P_88,C_369,PRODUCES,ANPDB
P_88,C_370,PRODUCES,ANPDB
P_88,C_371,PRODUCES,ANPDB
P_88,C_372,PRODUCES,ANPDB
P_88,C_373,PRODUCES,ANPDB
P_88,C_374,PRODUCES,ANPDB
P_88,C_375,PRODUCES,ANPDB
P_88,C_376,PRODUCES,ANPDB
P_88,C_377,PRODUCES,ANPDB
P_88,C_378,PRODUCES,ANPDB
P_88,C_379,PRODUCES,ANPDB
P_88,C_380,PRODUCES,ANPDB
P_88,C_381,PRODUCES,ANPDB
P_89,C_382,PRODUCES,ANPDB
P_89,C_383,PRODUCES,ANPDB
P_89,C_384,PRODUCES,ANPDB
P_89,C_385,PRODUCES,ANPDB
P_89,C_386,PRODUCES,ANPDB
P_89,C_387,PRODUCES,ANPDB
P_90,C_388,PRODUCES,ANPDB
P_90,C_389,PRODUCES,ANPDB
P_90,C_390,PRODUCES,ANPDB
P_90,C_391,PRODUCES,ANPDB
P_90,C_392,PRODUCES,ANPDB
P_90,C_393,PRODUCES,ANPDB
P_90,C_394,PRODUCES,ANPDB
P_10,C_395,PRODUCES,ANPDB
P_99,C_396,PRODUCES,ANPDB
P_90,C_397,PRODUCES,ANPDB
P_90,C_398,PRODUCES,ANPDB
P_90,C_399,PRODUCES,ANPDB
P_14,C_400,PRODUCES,ANPDB
P_6,C_401,PRODUCES,ANPDB
P_20,C_402,PRODUCES,ANPDB
P_14,C_403,PRODUCES,ANPDB
P_90,C_404,PRODUCES,ANPDB
P_90,C_405,PRODUCES,ANPDB
P_90,C_406,PRODUCES,ANPDB
P_90,C_407,PRODUCES,ANPDB
P_90,C_408,PRODUCES,ANPDB
P_14,C_409,PRODUCES,ANPDB
P_90,C_410,PRODUCES,ANPDB
P_90,C_411,PRODUCES,ANPDB
P_90,C_412,PRODUCES,ANPDB
P_90,C_413,PRODUCES,ANPDB
P_90,C_414,PRODUCES,ANPDB
P_74,C_415,PRODUCES,ANPDB
P_75,C_416,PRODUCES,ANPDB
P_90,C_417,PRODUCES,ANPDB
P_87,C_418,PRODUCES,ANPDB
P_92,C_419,PRODUCES,ANPDB
P_87,C_420,PRODUCES,ANPDB
P_9,C_421,PRODUCES,ANPDB
P_9,C_422,PRODUCES,ANPDB
P_82,C_423,PRODUCES,ANPDB
P_82,C_424,PRODUCES,ANPDB
P_82,C_425,PRODUCES,ANPDB
P_82,C_426,PRODUCES,ANPDB
P_82,C_427,PRODUCES,ANPDB
P_82,C_428,PRODUCES,ANPDB
P_82,C_429,PRODUCES,ANPDB
P_82,C_430,PRODUCES,ANPDB
P_82,C_431,PRODUCES,ANPDB
P_82,C_432,PRODUCES,ANPDB
P_82,C_433,PRODUCES,ANPDB
P_82,C_434,PRODUCES,ANPDB
P_82,C_435,PRODUCES,ANPDB
P_82,C_436,PRODUCES,ANPDB
P_82,C_437,PRODUCES,ANPDB
P_92,C_438,PRODUCES,ANPDB
P_92,C_439,PRODUCES,ANPDB
P_92,C_440,PRODUCES,ANPDB
P_92,C_441,PRODUCES,ANPDB
P_92,C_442,PRODUCES,ANPDB
P_92,C_443,PRODUCES,ANPDB
P_92,C_445,PRODUCES,ANPDB
P_92,C_446,PRODUCES,ANPDB
P_92,C_448,PRODUCES,ANPDB
P_90,C_449,PRODUCES,ANPDB
P_90,C_450,PRODUCES,ANPDB
P_90,C_451,PRODUCES,ANPDB
P_90,C_453,PRODUCES,ANPDB
P_90,C_454,PRODUCES,ANPDB
P_90,C_455,PRODUCES,ANPDB
P_90,C_456,PRODUCES,ANPDB
P_90,C_458,PRODUCES,ANPDB
P_90,C_460,PRODUCES,ANPDB
P_87,C_461,PRODUCES,ANPDB
P_87,C_462,PRODUCES,ANPDB
P_87,C_463,PRODUCES,ANPDB
P_87,C_464,PRODUCES,ANPDB
P_87,C_465,PRODUCES,ANPDB
P_87,C_466,PRODUCES,ANPDB
P_87,C_467,PRODUCES,ANPDB
P_87,C_468,PRODUCES,ANPDB
P_87,C_469,PRODUCES,ANPDB
P_87,C_470,PRODUCES,ANPDB
P_87,C_471,PRODUCES,ANPDB
P_87,C_472,PRODUCES,ANPDB
P_87,C_473,PRODUCES,ANPDB
P_87,C_474,PRODUCES,ANPDB
P_87,C_475,PRODUCES,ANPDB
P_87,C_476,PRODUCES,ANPDB
P_87,C_477,PRODUCES,ANPDB
P_87,C_478,PRODUCES,ANPDB
P_87,C_479,PRODUCES,ANPDB
P_87,C_480,PRODUCES,ANPDB
P_92,C_488,PRODUCES,ANPDB
P_92,C_489,PRODUCES,ANPDB
P_92,C_490,PRODUCES,ANPDB
P_92,C_491,PRODUCES,ANPDB
P_92,C_492,PRODUCES,ANPDB
P_92,C_493,PRODUCES,ANPDB
P_92,C_494,PRODUCES,ANPDB
P_90,C_495,PRODUCES,ANPDB
P_90,C_496,PRODUCES,ANPDB
P_90,C_497,PRODUCES,ANPDB
P_90,C_498,PRODUCES,ANPDB
P_87,C_499,PRODUCES,ANPDB
P_87,C_500,PRODUCES,ANPDB
P_87,C_501,PRODUCES,ANPDB
P_87,C_502,PRODUCES,ANPDB
P_14,C_503,PRODUCES,ANPDB
P_190,C_504,PRODUCES,ANPDB
P_14,C_505,PRODUCES,ANPDB
P_236,C_506,PRODUCES,ANPDB
P_236,C_507,PRODUCES,ANPDB
P_236,C_508,PRODUCES,ANPDB
P_236,C_509,PRODUCES,ANPDB
P_236,C_510,PRODUCES,ANPDB
P_236,C_511,PRODUCES,ANPDB
P_236,C_512,PRODUCES,ANPDB
P_236,C_513,PRODUCES,ANPDB
P_236,C_514,PRODUCES,ANPDB
P_236,C_515,PRODUCES,ANPDB
P_236,C_516,PRODUCES,ANPDB
P_236,C_517,PRODUCES,ANPDB
P_236,C_518,PRODUCES,ANPDB
P_236,C_519,PRODUCES,ANPDB
P_236,C_520,PRODUCES,ANPDB
P_236,C_521,PRODUCES,ANPDB
P_236,C_522,PRODUCES,ANPDB
P_236,C_523,PRODUCES,ANPDB
P_236,C_524,PRODUCES,ANPDB
P_236,C_525,PRODUCES,ANPDB
P_236,C_526,PRODUCES,ANPDB
P_236,C_527,PRODUCES,ANPDB
P_236,C_528,PRODUCES,ANPDB
P_236,C_529,PRODUCES,ANPDB
P_236,C_530,PRODUCES,ANPDB
P_236,C_531,PRODUCES,ANPDB
P_236,C_532,PRODUCES,ANPDB
P_236,C_533,PRODUCES,ANPDB
P_236,C_534,PRODUCES,ANPDB
P_236,C_535,PRODUCES,ANPDB
P_236,C_536,PRODUCES,ANPDB
P_236,C_537,PRODUCES,ANPDB
P_236,C_538,PRODUCES,ANPDB
P_236,C_539,PRODUCES,ANPDB
P_236,C_540,PRODUCES,ANPDB
P_236,C_541,PRODUCES,ANPDB
P_236,C_542,PRODUCES,ANPDB
P_236,C_543,PRODUCES,ANPDB
P_236,C_544,PRODUCES,ANPDB
P_236,C_545,PRODUCES,ANPDB
P_236,C_546,PRODUCES,ANPDB
P_236,C_547,PRODUCES,ANPDB
P_236,C_548,PRODUCES,ANPDB
P_236,C_549,PRODUCES,ANPDB
P_236,C_550,PRODUCES,ANPDB
P_236,C_551,PRODUCES,ANPDB
P_236,C_552,PRODUCES,ANPDB
P_236,C_553,PRODUCES,ANPDB
P_236,C_554,PRODUCES,ANPDB
P_236,C_555,PRODUCES,ANPDB
P_236,C_556,PRODUCES,ANPDB
P_236,C_557,PRODUCES,ANPDB
P_236,C_558,PRODUCES,ANPDB
P_236,C_559,PRODUCES,ANPDB
P_236,C_560,PRODUCES,ANPDB
P_236,C_561,PRODUCES,ANPDB
P_236,C_562,PRODUCES,ANPDB
P_236,C_563,PRODUCES,ANPDB
P_236,C_564,PRODUCES,ANPDB
P_236,C_565,PRODUCES,ANPDB
P_236,C_567,PRODUCES,ANPDB
P_236,C_568,PRODUCES,ANPDB
P_236,C_569,PRODUCES,ANPDB
P_236,C_570,PRODUCES,ANPDB
P_236,C_571,PRODUCES,ANPDB
P_236,C_572,PRODUCES,ANPDB
P_236,C_573,PRODUCES,ANPDB
P_236,C_574,PRODUCES,ANPDB
P_236,C_575,PRODUCES,ANPDB
P_236,C_576,PRODUCES,ANPDB
P_236,C_577,PRODUCES,ANPDB
P_236,C_578,PRODUCES,ANPDB
P_236,C_579,PRODUCES,ANPDB
P_236,C_580,PRODUCES,ANPDB
P_236,C_581,PRODUCES,ANPDB
P_236,C_583,PRODUCES,ANPDB
P_236,C_584,PRODUCES,ANPDB
P_236,C_585,PRODUCES,ANPDB
P_180,C_589,PRODUCES,ANPDB
P_236,C_590,PRODUCES,ANPDB
P_286,C_591,PRODUCES,ANPDB
P_286,C_592,PRODUCES,ANPDB
P_286,C_593,PRODUCES,ANPDB
P_286,C_594,PRODUCES,ANPDB
P_240,C_595,PRODUCES,ANPDB
P_31,C_596,PRODUCES,ANPDB
P_240,C_597,PRODUCES,ANPDB
P_103,C_598,PRODUCES,ANPDB
P_178,C_599,PRODUCES,ANPDB
P_178,C_600,PRODUCES,ANPDB
P_1,C_601,PRODUCES,ANPDB
P_235,C_602,PRODUCES,ANPDB
P_244,C_603,PRODUCES,ANPDB
P_244,C_604,PRODUCES,ANPDB
P_244,C_605,PRODUCES,ANPDB
P_244,C_606,PRODUCES,ANPDB
P_244,C_607,PRODUCES,ANPDB
P_244,C_608,PRODUCES,ANPDB
P_244,C_609,PRODUCES,ANPDB
P_244,C_610,PRODUCES,ANPDB
P_244,C_611,PRODUCES,ANPDB
P_245,C_612,PRODUCES,ANPDB
P_245,C_613,PRODUCES,ANPDB
P_245,C_614,PRODUCES,ANPDB
P_245,C_615,PRODUCES,ANPDB
P_245,C_616,PRODUCES,ANPDB
P_245,C_617,PRODUCES,ANPDB
P_245,C_618,PRODUCES,ANPDB
P_245,C_619,PRODUCES,ANPDB
P_239,C_620,PRODUCES,ANPDB
P_239,C_621,PRODUCES,ANPDB
P_239,C_622,PRODUCES,ANPDB
P_239,C_623,PRODUCES,ANPDB
P_239,C_624,PRODUCES,ANPDB
P_239,C_625,PRODUCES,ANPDB
P_222,C_626,PRODUCES,ANPDB
P_246,C_627,PRODUCES,ANPDB
P_246,C_628,PRODUCES,ANPDB
P_14,C_629,PRODUCES,ANPDB
P_177,C_630,PRODUCES,ANPDB
P_238,C_631,PRODUCES,ANPDB
P_238,C_632,PRODUCES,ANPDB
P_238,C_633,PRODUCES,ANPDB
P_238,C_634,PRODUCES,ANPDB
P_238,C_635,PRODUCES,ANPDB
P_238,C_636,PRODUCES,ANPDB
P_238,C_637,PRODUCES,ANPDB
P_238,C_638,PRODUCES,ANPDB
P_238,C_639,PRODUCES,ANPDB
P_238,C_640,PRODUCES,ANPDB
P_238,C_641,PRODUCES,ANPDB
P_238,C_642,PRODUCES,ANPDB
P_238,C_643,PRODUCES,ANPDB
P_235,C_644,PRODUCES,ANPDB
P_235,C_645,PRODUCES,ANPDB
P_235,C_646,PRODUCES,ANPDB
P_235,C_647,PRODUCES,ANPDB
P_235,C_648,PRODUCES,ANPDB
P_235,C_649,PRODUCES,ANPDB
P_173,C_650,PRODUCES,ANPDB
P_235,C_651,PRODUCES,ANPDB
P_235,C_652,PRODUCES,ANPDB
P_235,C_653,PRODUCES,ANPDB
P_235,C_654,PRODUCES,ANPDB
P_235,C_655,PRODUCES,ANPDB
P_230,C_657,PRODUCES,ANPDB
P_235,C_662,PRODUCES,ANPDB
P_235,C_663,PRODUCES,ANPDB
P_175,C_664,PRODUCES,ANPDB
P_175,C_665,PRODUCES,ANPDB
P_175,C_666,PRODUCES,ANPDB
P_175,C_667,PRODUCES,ANPDB
P_175,C_668,PRODUCES,ANPDB
P_175,C_669,PRODUCES,ANPDB
P_175,C_670,PRODUCES,ANPDB
P_175,C_671,PRODUCES,ANPDB
P_230,C_672,PRODUCES,ANPDB
P_230,C_673,PRODUCES,ANPDB
P_230,C_674,PRODUCES,ANPDB
P_230,C_675,PRODUCES,ANPDB
P_230,C_676,PRODUCES,ANPDB
P_230,C_677,PRODUCES,ANPDB
P_230,C_678,PRODUCES,ANPDB
P_230,C_681,PRODUCES,ANPDB
P_230,C_682,PRODUCES,ANPDB
P_230,C_683,PRODUCES,ANPDB
P_235,C_684,PRODUCES,ANPDB
P_235,C_685,PRODUCES,ANPDB
P_235,C_686,PRODUCES,ANPDB
P_237,C_687,PRODUCES,ANPDB
P_237,C_688,PRODUCES,ANPDB
P_237,C_689,PRODUCES,ANPDB
P_237,C_690,PRODUCES,ANPDB
P_238,C_691,PRODUCES,ANPDB
P_238,C_692,PRODUCES,ANPDB
P_238,C_693,PRODUCES,ANPDB
P_238,C_694,PRODUCES,ANPDB
P_238,C_695,PRODUCES,ANPDB
P_238,C_696,PRODUCES,ANPDB
P_238,C_697,PRODUCES,ANPDB
P_238,C_698,PRODUCES,ANPDB
P_238,C_699,PRODUCES,ANPDB
P_235,C_700,PRODUCES,ANPDB
P_235,C_701,PRODUCES,ANPDB
P_235,C_702,PRODUCES,ANPDB
P_223,C_704,PRODUCES,ANPDB
P_282,C_705,PRODUCES,ANPDB
P_12,C_706,PRODUCES,ANPDB
P_160,C_707,PRODUCES,ANPDB
P_276,C_708,PRODUCES,ANPDB
P_276,C_709,PRODUCES,ANPDB
P_276,C_710,PRODUCES,ANPDB
P_276,C_711,PRODUCES,ANPDB
P_276,C_712,PRODUCES,ANPDB
P_276,C_713,PRODUCES,ANPDB
P_276,C_714,PRODUCES,ANPDB
P_276,C_715,PRODUCES,ANPDB
P_265,C_716,PRODUCES,ANPDB
P_34,C_717,PRODUCES,ANPDB
P_136,C_718,PRODUCES,ANPDB
P_345,C_719,PRODUCES,ANPDB
P_344,C_720,PRODUCES,ANPDB
P_156,C_721,PRODUCES,ANPDB
P_159,C_722,PRODUCES,ANPDB
P_136,C_723,PRODUCES,ANPDB
P_345,C_724,PRODUCES,ANPDB
P_156,C_725,PRODUCES,ANPDB
P_181,C_726,PRODUCES,ANPDB
P_287,C_727,PRODUCES,ANPDB
P_345,C_728,PRODUCES,ANPDB
P_343,C_729,PRODUCES,ANPDB
P_207,C_730,PRODUCES,ANPDB
P_207,C_731,PRODUCES,ANPDB
P_207,C_732,PRODUCES,ANPDB
P_207,C_733,PRODUCES,ANPDB
P_207,C_734,PRODUCES,ANPDB
P_212,C_735,PRODUCES,ANPDB
P_212,C_736,PRODUCES,ANPDB
P_212,C_737,PRODUCES,ANPDB
P_212,C_738,PRODUCES,ANPDB
P_212,C_739,PRODUCES,ANPDB
P_105,C_740,PRODUCES,ANPDB
P_209,C_741,PRODUCES,ANPDB
P_127,C_742,PRODUCES,ANPDB
P_17,C_743,PRODUCES,ANPDB
P_200,C_744,PRODUCES,ANPDB
P_228,C_745,PRODUCES,ANPDB
P_228,C_746,PRODUCES,ANPDB
P_228,C_747,PRODUCES,ANPDB
P_320,C_748,PRODUCES,ANPDB
P_320,C_749,PRODUCES,ANPDB
P_266,C_750,PRODUCES,ANPDB
P_320,C_751,PRODUCES,ANPDB
P_205,C_752,PRODUCES,ANPDB
P_198,C_753,PRODUCES,ANPDB
P_205,C_754,PRODUCES,ANPDB
P_205,C_755,PRODUCES,ANPDB
P_128,C_756,PRODUCES,ANPDB
P_61,C_757,PRODUCES,ANPDB
P_117,C_758,PRODUCES,ANPDB
P_196,C_760,PRODUCES,ANPDB
P_200,C_761,PRODUCES,ANPDB
P_200,C_762,PRODUCES,ANPDB
P_19,C_763,PRODUCES,ANPDB
P_200,C_764,PRODUCES,ANPDB
P_200,C_765,PRODUCES,ANPDB
P_200,C_766,PRODUCES,ANPDB
P_200,C_767,PRODUCES,ANPDB
P_200,C_768,PRODUCES,ANPDB
P_12,C_769,PRODUCES,ANPDB
P_124,C_770,PRODUCES,ANPDB
P_194,C_771,PRODUCES,ANPDB
P_194,C_772,PRODUCES,ANPDB
P_194,C_773,PRODUCES,ANPDB
P_194,C_774,PRODUCES,ANPDB
P_194,C_775,PRODUCES,ANPDB
P_193,C_776,PRODUCES,ANPDB
P_194,C_777,PRODUCES,ANPDB
P_194,C_778,PRODUCES,ANPDB
P_187,C_779,PRODUCES,ANPDB
P_187,C_780,PRODUCES,ANPDB
P_187,C_781,PRODUCES,ANPDB
P_187,C_782,PRODUCES,ANPDB
P_187,C_783,PRODUCES,ANPDB
P_187,C_784,PRODUCES,ANPDB
P_187,C_785,PRODUCES,ANPDB
P_187,C_786,PRODUCES,ANPDB
P_187,C_787,PRODUCES,ANPDB
P_187,C_788,PRODUCES,ANPDB
P_187,C_789,PRODUCES,ANPDB
P_187,C_790,PRODUCES,ANPDB
P_187,C_791,PRODUCES,ANPDB
P_187,C_792,PRODUCES,ANPDB
P_187,C_793,PRODUCES,ANPDB
P_187,C_794,PRODUCES,ANPDB
P_187,C_795,PRODUCES,ANPDB
P_187,C_796,PRODUCES,ANPDB
P_187,C_797,PRODUCES,ANPDB
P_187,C_798,PRODUCES,ANPDB
P_187,C_799,PRODUCES,ANPDB
P_187,C_800,PRODUCES,ANPDB
P_187,C_801,PRODUCES,ANPDB
P_187,C_802,PRODUCES,ANPDB
P_187,C_803,PRODUCES,ANPDB
P_187,C_804,PRODUCES,ANPDB
P_187,C_805,PRODUCES,ANPDB
P_187,C_806,PRODUCES,ANPDB
P_187,C_807,PRODUCES,ANPDB
P_187,C_808,PRODUCES,ANPDB
P_187,C_809,PRODUCES,ANPDB
P_187,C_810,PRODUCES,ANPDB
P_187,C_811,PRODUCES,ANPDB
P_187,C_812,PRODUCES,ANPDB
P_187,C_813,PRODUCES,ANPDB
P_187,C_814,PRODUCES,ANPDB
P_187,C_815,PRODUCES,ANPDB
P_187,C_816,PRODUCES,ANPDB
P_187,C_817,PRODUCES,ANPDB
P_187,C_818,PRODUCES,ANPDB
P_187,C_819,PRODUCES,ANPDB
P_187,C_820,PRODUCES,ANPDB
P_187,C_821,PRODUCES,ANPDB
P_187,C_822,PRODUCES,ANPDB
P_187,C_823,PRODUCES,ANPDB
P_187,C_824,PRODUCES,ANPDB
P_187,C_825,PRODUCES,ANPDB
P_187,C_826,PRODUCES,ANPDB
P_187,C_827,PRODUCES,ANPDB
P_187,C_828,PRODUCES,ANPDB
P_187,C_829,PRODUCES,ANPDB
P_187,C_830,PRODUCES,ANPDB
P_187,C_831,PRODUCES,ANPDB
P_187,C_832,PRODUCES,ANPDB
P_187,C_833,PRODUCES,ANPDB
P_187,C_834,PRODUCES,ANPDB
P_187,C_835,PRODUCES,ANPDB
P_187,C_836,PRODUCES,ANPDB
P_187,C_837,PRODUCES,ANPDB
P_187,C_838,PRODUCES,ANPDB
P_187,C_839,PRODUCES,ANPDB
P_187,C_840,PRODUCES,ANPDB
P_187,C_841,PRODUCES,ANPDB
P_187,C_842,PRODUCES,ANPDB
P_187,C_843,PRODUCES,ANPDB
P_187,C_844,PRODUCES,ANPDB
P_187,C_845,PRODUCES,ANPDB
P_274,C_861,PRODUCES,ANPDB
P_274,C_862,PRODUCES,ANPDB
P_274,C_863,PRODUCES,ANPDB
P_274,C_864,PRODUCES,ANPDB
P_274,C_865,PRODUCES,ANPDB
P_362,C_866,PRODUCES,ANPDB
P_150,C_867,PRODUCES,ANPDB
P_223,C_868,PRODUCES,ANPDB
P_64,C_869,PRODUCES,ANPDB
P_96,C_870,PRODUCES,ANPDB
P_132,C_871,PRODUCES,ANPDB
P_136,C_872,PRODUCES,ANPDB
P_76,C_873,PRODUCES,ANPDB
P_261,C_875,PRODUCES,ANPDB
P_219,C_876,PRODUCES,ANPDB
P_112,C_877,PRODUCES,ANPDB
P_112,C_878,PRODUCES,ANPDB
P_136,C_879,PRODUCES,ANPDB
P_160,C_880,PRODUCES,ANPDB
P_160,C_881,PRODUCES,ANPDB
P_160,C_882,PRODUCES,ANPDB
P_160,C_883,PRODUCES,ANPDB
P_262,C_884,PRODUCES,ANPDB
P_6,C_885,PRODUCES,ANPDB
P_185,C_886,PRODUCES,ANPDB
P_303,C_887,PRODUCES,ANPDB
P_303,C_888,PRODUCES,ANPDB
P_305,C_889,PRODUCES,ANPDB
P_305,C_890,PRODUCES,ANPDB
P_305,C_891,PRODUCES,ANPDB
P_305,C_892,PRODUCES,ANPDB
P_305,C_893,PRODUCES,ANPDB
P_304,C_894,PRODUCES,ANPDB
P_304,C_895,PRODUCES,ANPDB
P_304,C_896,PRODUCES,ANPDB
P_304,C_897,PRODUCES,ANPDB
P_304,C_898,PRODUCES,ANPDB
P_304,C_899,PRODUCES,ANPDB
P_304,C_900,PRODUCES,ANPDB
P_304,C_901,PRODUCES,ANPDB
P_304,C_902,PRODUCES,ANPDB
P_304,C_903,PRODUCES,ANPDB
P_304,C_904,PRODUCES,ANPDB
P_304,C_905,PRODUCES,ANPDB
P_293,C_906,PRODUCES,ANPDB
P_197,C_907,PRODUCES,ANPDB
P_293,C_908,PRODUCES,ANPDB
P_293,C_909,PRODUCES,ANPDB
P_293,C_910,PRODUCES,ANPDB
P_57,C_911,PRODUCES,ANPDB
P_57,C_912,PRODUCES,ANPDB
P_57,C_913,PRODUCES,ANPDB
P_57,C_914,PRODUCES,ANPDB
P_31,C_915,PRODUCES,ANPDB
P_48,C_916,PRODUCES,ANPDB
P_31,C_917,PRODUCES,ANPDB
P_70,C_918,PRODUCES,ANPDB
P_180,C_920,PRODUCES,ANPDB
P_156,C_923,PRODUCES,ANPDB
P_70,C_924,PRODUCES,ANPDB
P_156,C_925,PRODUCES,ANPDB
P_176,C_926,PRODUCES,ANPDB
P_156,C_927,PRODUCES,ANPDB
P_179,C_928,PRODUCES,ANPDB
P_180,C_929,PRODUCES,ANPDB
P_112,C_930,PRODUCES,ANPDB
P_156,C_931,PRODUCES,ANPDB
P_156,C_932,PRODUCES,ANPDB
P_156,C_933,PRODUCES,ANPDB
P_131,C_934,PRODUCES,ANPDB
P_131,C_935,PRODUCES,ANPDB
P_136,C_936,PRODUCES,ANPDB
P_135,C_937,PRODUCES,ANPDB
P_156,C_938,PRODUCES,ANPDB
P_162,C_939,PRODUCES,ANPDB
P_99,C_940,PRODUCES,ANPDB
P_182,C_941,PRODUCES,ANPDB
P_114,C_942,PRODUCES,ANPDB
P_135,C_943,PRODUCES,ANPDB
P_135,C_944,PRODUCES,ANPDB
P_135,C_945,PRODUCES,ANPDB
P_162,C_946,PRODUCES,ANPDB
P_23,C_947,PRODUCES,ANPDB
P_70,C_948,PRODUCES,ANPDB
P_295,C_951,PRODUCES,ANPDB
P_149,C_952,PRODUCES,ANPDB
P_256,C_953,PRODUCES,ANPDB
P_34,C_954,PRODUCES,ANPDB
P_166,C_955,PRODUCES,ANPDB
P_142,C_956,PRODUCES,ANPDB
P_156,C_957,PRODUCES,ANPDB
P_268,C_958,PRODUCES,ANPDB
P_142,C_960,PRODUCES,ANPDB
P_34,C_961,PRODUCES,ANPDB
P_34,C_962,PRODUCES,ANPDB
P_34,C_963,PRODUCES,ANPDB
P_34,C_964,PRODUCES,ANPDB
P_34,C_965,PRODUCES,ANPDB
P_34,C_966,PRODUCES,ANPDB
P_34,C_967,PRODUCES,ANPDB
P_31,C_968,PRODUCES,ANPDB
P_34,C_969,PRODUCES,ANPDB
P_31,C_970,PRODUCES,ANPDB
P_30,C_971,PRODUCES,ANPDB
P_31,C_972,PRODUCES,ANPDB
P_34,C_973,PRODUCES,ANPDB
P_116,C_974,PRODUCES,ANPDB
P_54,C_975,PRODUCES,ANPDB
P_32,C_976,PRODUCES,ANPDB
P_44,C_977,PRODUCES,ANPDB
P_56,C_978,PRODUCES,ANPDB
P_54,C_979,PRODUCES,ANPDB
P_39,C_980,PRODUCES,ANPDB
P_31,C_981,PRODUCES,ANPDB
P_32,C_982,PRODUCES,ANPDB
P_32,C_983,PRODUCES,ANPDB
P_30,C_984,PRODUCES,ANPDB
P_43,C_985,PRODUCES,ANPDB
P_51,C_986,PRODUCES,ANPDB
P_51,C_987,PRODUCES,ANPDB
P_55,C_988,PRODUCES,ANPDB
P_55,C_989,PRODUCES,ANPDB
P_55,C_990,PRODUCES,ANPDB
P_52,C_991,PRODUCES,ANPDB
P_38,C_992,PRODUCES,ANPDB
P_38,C_993,PRODUCES,ANPDB
P_38,C_994,PRODUCES,ANPDB
P_38,C_995,PRODUCES,ANPDB
P_52,C_996,PRODUCES,ANPDB
P_36,C_997,PRODUCES,ANPDB
P_60,C_998,PRODUCES,ANPDB
P_46,C_999,PRODUCES,ANPDB
P_46,C_1000,PRODUCES,ANPDB
P_59,C_1001,PRODUCES,ANPDB
P_54,C_1002,PRODUCES,ANPDB
P_54,C_1003,PRODUCES,ANPDB
P_54,C_1004,PRODUCES,ANPDB
P_54,C_1005,PRODUCES,ANPDB
P_54,C_1006,PRODUCES,ANPDB
P_39,C_1007,PRODUCES,ANPDB
P_54,C_1008,PRODUCES,ANPDB
P_54,C_1009,PRODUCES,ANPDB
P_54,C_1010,PRODUCES,ANPDB
P_35,C_1011,PRODUCES,ANPDB
P_58,C_1012,PRODUCES,ANPDB
P_58,C_1013,PRODUCES,ANPDB
P_29,C_1014,PRODUCES,ANPDB
P_29,C_1015,PRODUCES,ANPDB
P_42,C_1016,PRODUCES,ANPDB
P_41,C_1017,PRODUCES,ANPDB
P_58,C_1018,PRODUCES,ANPDB
P_58,C_1019,PRODUCES,ANPDB
P_58,C_1020,PRODUCES,ANPDB
P_29,C_1021,PRODUCES,ANPDB
P_60,C_1022,PRODUCES,ANPDB
P_60,C_1023,PRODUCES,ANPDB
P_42,C_1024,PRODUCES,ANPDB
P_29,C_1025,PRODUCES,ANPDB
P_45,C_1026,PRODUCES,ANPDB
P_46,C_1027,PRODUCES,ANPDB
P_122,C_1028,PRODUCES,ANPDB
P_37,C_1029,PRODUCES,ANPDB
P_50,C_1030,PRODUCES,ANPDB
P_58,C_1040,PRODUCES,ANPDB
P_58,C_1041,PRODUCES,ANPDB
P_122,C_1042,PRODUCES,ANPDB
P_58,C_1043,PRODUCES,ANPDB
P_47,C_1044,PRODUCES,ANPDB
P_47,C_1045,PRODUCES,ANPDB
P_58,C_1046,PRODUCES,ANPDB
P_58,C_1047,PRODUCES,ANPDB
P_58,C_1048,PRODUCES,ANPDB
P_33,C_1049,PRODUCES,ANPDB
P_28,C_1050,PRODUCES,ANPDB
P_122,C_1051,PRODUCES,ANPDB
P_122,C_1052,PRODUCES,ANPDB
P_53,C_1053,PRODUCES,ANPDB
P_36,C_1054,PRODUCES,ANPDB
P_52,C_1055,PRODUCES,ANPDB
P_58,C_1056,PRODUCES,ANPDB
P_40,C_1057,PRODUCES,ANPDB
P_28,C_1058,PRODUCES,ANPDB
P_28,C_1059,PRODUCES,ANPDB
P_46,C_1060,PRODUCES,ANPDB
P_289,C_1061,PRODUCES,ANPDB
P_46,C_1062,PRODUCES,ANPDB
P_108,C_1063,PRODUCES,ANPDB
P_153,C_1065,PRODUCES,ANPDB
P_153,C_1066,PRODUCES,ANPDB
P_153,C_1067,PRODUCES,ANPDB
P_156,C_1068,PRODUCES,ANPDB
P_156,C_1071,PRODUCES,ANPDB
P_156,C_1072,PRODUCES,ANPDB
P_156,C_1073,PRODUCES,ANPDB
P_156,C_1074,PRODUCES,ANPDB
P_156,C_1075,PRODUCES,ANPDB
P_156,C_1078,PRODUCES,ANPDB
P_156,C_1079,PRODUCES,ANPDB
P_156,C_1080,PRODUCES,ANPDB
P_156,C_1081,PRODUCES,ANPDB
P_156,C_1082,PRODUCES,ANPDB
P_156,C_1083,PRODUCES,ANPDB
P_156,C_1089,PRODUCES,ANPDB
P_156,C_1091,PRODUCES,ANPDB
P_156,C_1092,PRODUCES,ANPDB
P_156,C_1093,PRODUCES,ANPDB
P_156,C_1094,PRODUCES,ANPDB
P_156,C_1096,PRODUCES,ANPDB
P_156,C_1100,PRODUCES,ANPDB
P_156,C_1101,PRODUCES,ANPDB
P_156,C_1102,PRODUCES,ANPDB
P_156,C_1104,PRODUCES,ANPDB
P_156,C_1105,PRODUCES,ANPDB
P_156,C_1106,PRODUCES,ANPDB
P_156,C_1107,PRODUCES,ANPDB
P_156,C_1109,PRODUCES,ANPDB
P_156,C_1110,PRODUCES,ANPDB
P_156,C_1111,PRODUCES,ANPDB
P_156,C_1112,PRODUCES,ANPDB
P_156,C_1113,PRODUCES,ANPDB
P_156,C_1114,PRODUCES,ANPDB
P_156,C_1115,PRODUCES,ANPDB
P_156,C_1116,PRODUCES,ANPDB
P_156,C_1117,PRODUCES,ANPDB
P_156,C_1118,PRODUCES,ANPDB
P_156,C_1120,PRODUCES,ANPDB
P_156,C_1121,PRODUCES,ANPDB
P_156,C_1122,PRODUCES,ANPDB
P_156,C_1123,PRODUCES,ANPDB
P_156,C_1124,PRODUCES,ANPDB
P_156,C_1125,PRODUCES,ANPDB
P_156,C_1126,PRODUCES,ANPDB
P_156,C_1127,PRODUCES,ANPDB
P_111,C_1128,PRODUCES,ANPDB
P_111,C_1129,PRODUCES,ANPDB
P_111,C_1130,PRODUCES,ANPDB
P_111,C_1131,PRODUCES,ANPDB
P_153,C_1132,PRODUCES,ANPDB
P_153,C_1133,PRODUCES,ANPDB
P_153,C_1134,PRODUCES,ANPDB
P_152,C_1136,PRODUCES,ANPDB
P_152,C_1137,PRODUCES,ANPDB
P_153,C_1138,PRODUCES,ANPDB
P_153,C_1139,PRODUCES,ANPDB
P_113,C_1140,PRODUCES,ANPDB
P_152,C_1141,PRODUCES,ANPDB
P_152,C_1142,PRODUCES,ANPDB
P_152,C_1143,PRODUCES,ANPDB
P_152,C_1144,PRODUCES,ANPDB
P_152,C_1145,PRODUCES,ANPDB
P_152,C_1146,PRODUCES,ANPDB
P_152,C_1147,PRODUCES,ANPDB
P_152,C_1148,PRODUCES,ANPDB
P_152,C_1149,PRODUCES,ANPDB
P_152,C_1150,PRODUCES,ANPDB
P_152,C_1151,PRODUCES,ANPDB
P_152,C_1152,PRODUCES,ANPDB
P_152,C_1153,PRODUCES,ANPDB
P_157,C_1154,PRODUCES,ANPDB
P_157,C_1155,PRODUCES,ANPDB
P_113,C_1156,PRODUCES,ANPDB
P_113,C_1157,PRODUCES,ANPDB
P_113,C_1158,PRODUCES,ANPDB
P_113,C_1159,PRODUCES,ANPDB
P_113,C_1160,PRODUCES,ANPDB
P_110,C_1161,PRODUCES,ANPDB
P_113,C_1162,PRODUCES,ANPDB
P_113,C_1163,PRODUCES,ANPDB
P_113,C_1164,PRODUCES,ANPDB
P_113,C_1165,PRODUCES,ANPDB
P_113,C_1166,PRODUCES,ANPDB
P_110,C_1167,PRODUCES,ANPDB
P_113,C_1168,PRODUCES,ANPDB
P_113,C_1169,PRODUCES,ANPDB
P_113,C_1170,PRODUCES,ANPDB
P_112,C_1171,PRODUCES,ANPDB
P_113,C_1172,PRODUCES,ANPDB
P_113,C_1175,PRODUCES,ANPDB
P_113,C_1176,PRODUCES,ANPDB
P_113,C_1177,PRODUCES,ANPDB
P_113,C_1178,PRODUCES,ANPDB
P_113,C_1179,PRODUCES,ANPDB
P_112,C_1180,PRODUCES,ANPDB
P_113,C_1181,PRODUCES,ANPDB
P_113,C_1182,PRODUCES,ANPDB
P_360,C_1183,PRODUCES,ANPDB
P_360,C_1184,PRODUCES,ANPDB
P_360,C_1185,PRODUCES,ANPDB
P_359,C_1186,PRODUCES,ANPDB
P_360,C_1187,PRODUCES,ANPDB
P_360,C_1188,PRODUCES,ANPDB
P_360,C_1189,PRODUCES,ANPDB
P_359,C_1190,PRODUCES,ANPDB
P_359,C_1191,PRODUCES,ANPDB
P_360,C_1192,PRODUCES,ANPDB
P_360,C_1193,PRODUCES,ANPDB
P_360,C_1194,PRODUCES,ANPDB
P_359,C_1195,PRODUCES,ANPDB
P_359,C_1196,PRODUCES,ANPDB
P_360,C_1197,PRODUCES,ANPDB
P_360,C_1198,PRODUCES,ANPDB
P_360,C_1199,PRODUCES,ANPDB
P_360,C_1200,PRODUCES,ANPDB
P_360,C_1201,PRODUCES,ANPDB
P_360,C_1202,PRODUCES,ANPDB
P_360,C_1203,PRODUCES,ANPDB
P_360,C_1204,PRODUCES,ANPDB
P_360,C_1205,PRODUCES,ANPDB
P_360,C_1206,PRODUCES,ANPDB
P_360,C_1207,PRODUCES,ANPDB
P_360,C_1208,PRODUCES,ANPDB
P_360,C_1209,PRODUCES,ANPDB
P_335,C_1210,PRODUCES,ANPDB
P_335,C_1211,PRODUCES,ANPDB
P_335,C_1212,PRODUCES,ANPDB
P_335,C_1213,PRODUCES,ANPDB
P_335,C_1214,PRODUCES,ANPDB
P_335,C_1215,PRODUCES,ANPDB
P_335,C_1216,PRODUCES,ANPDB
P_335,C_1217,PRODUCES,ANPDB
P_151,C_1218,PRODUCES,ANPDB
P_151,C_1219,PRODUCES,ANPDB
P_148,C_1220,PRODUCES,ANPDB
P_335,C_1221,PRODUCES,ANPDB
P_335,C_1222,PRODUCES,ANPDB
P_151,C_1223,PRODUCES,ANPDB
P_151,C_1224,PRODUCES,ANPDB
P_340,C_1225,PRODUCES,ANPDB
P_340,C_1226,PRODUCES,ANPDB
P_151,C_1227,PRODUCES,ANPDB
P_81,C_1228,PRODUCES,ANPDB
P_193,C_1229,PRODUCES,ANPDB
P_193,C_1230,PRODUCES,ANPDB
P_193,C_1231,PRODUCES,ANPDB
P_353,C_1232,PRODUCES,ANPDB
P_353,C_1233,PRODUCES,ANPDB
P_70,C_1234,PRODUCES,ANPDB
P_351,C_1235,PRODUCES,ANPDB
P_351,C_1236,PRODUCES,ANPDB
P_354,C_1237,PRODUCES,ANPDB
P_354,C_1238,PRODUCES,ANPDB
P_352,C_1239,PRODUCES,ANPDB
P_352,C_1240,PRODUCES,ANPDB
P_358,C_1241,PRODUCES,ANPDB
P_358,C_1242,PRODUCES,ANPDB
P_358,C_1243,PRODUCES,ANPDB
P_171,C_1244,PRODUCES,ANPDB
P_171,C_1245,PRODUCES,ANPDB
P_171,C_1246,PRODUCES,ANPDB
P_171,C_1247,PRODUCES,ANPDB
P_171,C_1248,PRODUCES,ANPDB
P_171,C_1249,PRODUCES,ANPDB
P_171,C_1250,PRODUCES,ANPDB
P_171,C_1251,PRODUCES,ANPDB
P_171,C_1252,PRODUCES,ANPDB
P_171,C_1253,PRODUCES,ANPDB
P_171,C_1254,PRODUCES,ANPDB
P_171,C_1255,PRODUCES,ANPDB
P_171,C_1256,PRODUCES,ANPDB
P_171,C_1257,PRODUCES,ANPDB
P_171,C_1258,PRODUCES,ANPDB
P_171,C_1259,PRODUCES,ANPDB
P_171,C_1260,PRODUCES,ANPDB
P_170,C_1261,PRODUCES,ANPDB
P_171,C_1262,PRODUCES,ANPDB
P_23,C_1263,PRODUCES,ANPDB
P_166,C_1264,PRODUCES,ANPDB
P_166,C_1265,PRODUCES,ANPDB
P_166,C_1266,PRODUCES,ANPDB
P_166,C_1267,PRODUCES,ANPDB
P_166,C_1268,PRODUCES,ANPDB
P_166,C_1269,PRODUCES,ANPDB
P_166,C_1270,PRODUCES,ANPDB
P_166,C_1271,PRODUCES,ANPDB
P_174,C_1272,PRODUCES,ANPDB
P_174,C_1273,PRODUCES,ANPDB
P_174,C_1274,PRODUCES,ANPDB
P_174,C_1275,PRODUCES,ANPDB
P_174,C_1276,PRODUCES,ANPDB
P_174,C_1277,PRODUCES,ANPDB
P_174,C_1278,PRODUCES,ANPDB
P_170,C_1279,PRODUCES,ANPDB
P_170,C_1280,PRODUCES,ANPDB
P_170,C_1281,PRODUCES,ANPDB
P_170,C_1282,PRODUCES,ANPDB
P_170,C_1283,PRODUCES,ANPDB
P_170,C_1284,PRODUCES,ANPDB
P_170,C_1285,PRODUCES,ANPDB
P_170,C_1286,PRODUCES,ANPDB
P_170,C_1287,PRODUCES,ANPDB
P_170,C_1288,PRODUCES,ANPDB
P_170,C_1289,PRODUCES,ANPDB
P_308,C_1290,PRODUCES,ANPDB
P_315,C_1291,PRODUCES,ANPDB
P_224,C_1292,PRODUCES,ANPDB
P_207,C_1293,PRODUCES,ANPDB
P_207,C_1294,PRODUCES,ANPDB
P_209,C_1295,PRODUCES,ANPDB
P_209,C_1296,PRODUCES,ANPDB
P_207,C_1297,PRODUCES,ANPDB
P_209,C_1298,PRODUCES,ANPDB
P_195,C_1299,PRODUCES,ANPDB
P_173,C_1300,PRODUCES,ANPDB
P_209,C_1301,PRODUCES,ANPDB
P_209,C_1302,PRODUCES,ANPDB
P_209,C_1303,PRODUCES,ANPDB
P_209,C_1304,PRODUCES,ANPDB
P_209,C_1305,PRODUCES,ANPDB
P_209,C_1306,PRODUCES,ANPDB
P_207,C_1307,PRODUCES,ANPDB
P_207,C_1308,PRODUCES,ANPDB
P_207,C_1309,PRODUCES,ANPDB
P_209,C_1310,PRODUCES,ANPDB
P_209,C_1311,PRODUCES,ANPDB
P_209,C_1312,PRODUCES,ANPDB
P_209,C_1313,PRODUCES,ANPDB
P_209,C_1314,PRODUCES,ANPDB
P_209,C_1315,PRODUCES,ANPDB
P_214,C_1316,PRODUCES,ANPDB
P_214,C_1317,PRODUCES,ANPDB
P_207,C_1318,PRODUCES,ANPDB
P_214,C_1319,PRODUCES,ANPDB
P_214,C_1320,PRODUCES,ANPDB
P_214,C_1321,PRODUCES,ANPDB
P_214,C_1322,PRODUCES,ANPDB
P_214,C_1323,PRODUCES,ANPDB
P_329,C_1324,PRODUCES,ANPDB
P_126,C_1325,PRODUCES,ANPDB
P_98,C_1326,PRODUCES,ANPDB
P_321,C_1327,PRODUCES,ANPDB
P_126,C_1328,PRODUCES,ANPDB
P_328,C_1329,PRODUCES,ANPDB
P_329,C_1330,PRODUCES,ANPDB
P_329,C_1331,PRODUCES,ANPDB
P_329,C_1332,PRODUCES,ANPDB
P_126,C_1333,PRODUCES,ANPDB
P_290,C_1334,PRODUCES,ANPDB
P_325,C_1335,PRODUCES,ANPDB
P_325,C_1336,PRODUCES,ANPDB
P_325,C_1337,PRODUCES,ANPDB
P_328,C_1338,PRODUCES,ANPDB
P_326,C_1339,PRODUCES,ANPDB
P_326,C_1340,PRODUCES,ANPDB
P_325,C_1341,PRODUCES,ANPDB
P_326,C_1342,PRODUCES,ANPDB
P_326,C_1343,PRODUCES,ANPDB
P_207,C_1344,PRODUCES,ANPDB
P_207,C_1345,PRODUCES,ANPDB
P_195,C_1346,PRODUCES,ANPDB
P_207,C_1347,PRODUCES,ANPDB
P_207,C_1348,PRODUCES,ANPDB
P_207,C_1349,PRODUCES,ANPDB
P_207,C_1350,PRODUCES,ANPDB
P_207,C_1351,PRODUCES,ANPDB
P_207,C_1352,PRODUCES,ANPDB
P_207,C_1353,PRODUCES,ANPDB
P_207,C_1354,PRODUCES,ANPDB
P_207,C_1355,PRODUCES,ANPDB
P_207,C_1356,PRODUCES,ANPDB
P_207,C_1357,PRODUCES,ANPDB
P_207,C_1358,PRODUCES,ANPDB
P_207,C_1359,PRODUCES,ANPDB
P_207,C_1360,PRODUCES,ANPDB
P_207,C_1361,PRODUCES,ANPDB
P_207,C_1362,PRODUCES,ANPDB
P_207,C_1363,PRODUCES,ANPDB
P_207,C_1364,PRODUCES,ANPDB
P_207,C_1365,PRODUCES,ANPDB
P_209,C_1366,PRODUCES,ANPDB
P_215,C_1367,PRODUCES,ANPDB
P_215,C_1368,PRODUCES,ANPDB
P_215,C_1369,PRODUCES,ANPDB
P_215,C_1370,PRODUCES,ANPDB
P_215,C_1371,PRODUCES,ANPDB
P_215,C_1372,PRODUCES,ANPDB
P_215,C_1373,PRODUCES,ANPDB
P_214,C_1374,PRODUCES,ANPDB
P_215,C_1375,PRODUCES,ANPDB
P_215,C_1376,PRODUCES,ANPDB
P_215,C_1377,PRODUCES,ANPDB
P_215,C_1378,PRODUCES,ANPDB
P_215,C_1379,PRODUCES,ANPDB
P_140,C_1380,PRODUCES,ANPDB
P_140,C_1381,PRODUCES,ANPDB
P_215,C_1382,PRODUCES,ANPDB
P_193,C_1383,PRODUCES,ANPDB
P_214,C_1384,PRODUCES,ANPDB
P_214,C_1385,PRODUCES,ANPDB
P_214,C_1386,PRODUCES,ANPDB
P_214,C_1387,PRODUCES,ANPDB
P_214,C_1388,PRODUCES,ANPDB
P_214,C_1389,PRODUCES,ANPDB
P_105,C_1390,PRODUCES,ANPDB
P_321,C_1391,PRODUCES,ANPDB
P_325,C_1392,PRODUCES,ANPDB
P_325,C_1393,PRODUCES,ANPDB
P_325,C_1394,PRODUCES,ANPDB
P_249,C_1395,PRODUCES,ANPDB
P_249,C_1396,PRODUCES,ANPDB
P_252,C_1397,PRODUCES,ANPDB
P_252,C_1398,PRODUCES,ANPDB
P_252,C_1399,PRODUCES,ANPDB
P_252,C_1400,PRODUCES,ANPDB
P_255,C_1401,PRODUCES,ANPDB
P_200,C_1402,PRODUCES,ANPDB
P_260,C_1403,PRODUCES,ANPDB
P_107,C_1404,PRODUCES,ANPDB
P_257,C_1405,PRODUCES,ANPDB
P_14,C_1406,PRODUCES,ANPDB
P_256,C_1407,PRODUCES,ANPDB
P_258,C_1408,PRODUCES,ANPDB
P_259,C_1409,PRODUCES,ANPDB
P_260,C_1410,PRODUCES,ANPDB
P_298,C_1411,PRODUCES,ANPDB
P_298,C_1412,PRODUCES,ANPDB
P_298,C_1413,PRODUCES,ANPDB
P_298,C_1414,PRODUCES,ANPDB
P_298,C_1415,PRODUCES,ANPDB
P_298,C_1416,PRODUCES,ANPDB
P_298,C_1417,PRODUCES,ANPDB
P_298,C_1418,PRODUCES,ANPDB
P_296,C_1419,PRODUCES,ANPDB
P_233,C_1420,PRODUCES,ANPDB
P_200,C_1421,PRODUCES,ANPDB
P_302,C_1422,PRODUCES,ANPDB
P_296,C_1423,PRODUCES,ANPDB
P_302,C_1424,PRODUCES,ANPDB
P_283,C_1425,PRODUCES,ANPDB
P_302,C_1426,PRODUCES,ANPDB
P_200,C_1427,PRODUCES,ANPDB
P_302,C_1428,PRODUCES,ANPDB
P_200,C_1429,PRODUCES,ANPDB
P_296,C_1430,PRODUCES,ANPDB
P_296,C_1431,PRODUCES,ANPDB
P_119,C_1432,PRODUCES,ANPDB
P_269,C_1433,PRODUCES,ANPDB
P_269,C_1434,PRODUCES,ANPDB
P_269,C_1435,PRODUCES,ANPDB
P_269,C_1436,PRODUCES,ANPDB
P_269,C_1437,PRODUCES,ANPDB
P_269,C_1438,PRODUCES,ANPDB
P_269,C_1439,PRODUCES,ANPDB
P_269,C_1440,PRODUCES,ANPDB
P_269,C_1441,PRODUCES,ANPDB
P_269,C_1442,PRODUCES,ANPDB
P_269,C_1443,PRODUCES,ANPDB
P_269,C_1444,PRODUCES,ANPDB
P_269,C_1445,PRODUCES,ANPDB
P_269,C_1446,PRODUCES,ANPDB
P_269,C_1447,PRODUCES,ANPDB
P_269,C_1448,PRODUCES,ANPDB
P_269,C_1449,PRODUCES,ANPDB
P_69,C_1450,PRODUCES,ANPDB
P_374,C_1451,PRODUCES,ANPDB
P_371,C_1452,PRODUCES,ANPDB
P_368,C_1453,PRODUCES,ANPDB
P_374,C_1454,PRODUCES,ANPDB
P_374,C_1456,PRODUCES,ANPDB
P_193,C_1457,PRODUCES,ANPDB
P_193,C_1458,PRODUCES,ANPDB
P_193,C_1459,PRODUCES,ANPDB
P_139,C_1460,PRODUCES,ANPDB
P_193,C_1461,PRODUCES,ANPDB
P_193,C_1462,PRODUCES,ANPDB
P_193,C_1463,PRODUCES,ANPDB
P_193,C_1464,PRODUCES,ANPDB
P_215,C_1465,PRODUCES,ANPDB
P_296,C_1466,PRODUCES,ANPDB
P_296,C_1467,PRODUCES,ANPDB
P_296,C_1468,PRODUCES,ANPDB
P_296,C_1469,PRODUCES,ANPDB
P_296,C_1470,PRODUCES,ANPDB
P_296,C_1471,PRODUCES,ANPDB
P_296,C_1472,PRODUCES,ANPDB
P_296,C_1473,PRODUCES,ANPDB
P_296,C_1474,PRODUCES,ANPDB
P_200,C_1475,PRODUCES,ANPDB
P_200,C_1476,PRODUCES,ANPDB
P_200,C_1477,PRODUCES,ANPDB
P_302,C_1478,PRODUCES,ANPDB
P_227,C_1479,PRODUCES,ANPDB
P_200,C_1480,PRODUCES,ANPDB
P_200,C_1481,PRODUCES,ANPDB
P_200,C_1482,PRODUCES,ANPDB
P_200,C_1483,PRODUCES,ANPDB
P_200,C_1484,PRODUCES,ANPDB
P_200,C_1485,PRODUCES,ANPDB
P_200,C_1486,PRODUCES,ANPDB
P_200,C_1487,PRODUCES,ANPDB
P_200,C_1488,PRODUCES,ANPDB
P_200,C_1489,PRODUCES,ANPDB
P_200,C_1490,PRODUCES,ANPDB
P_200,C_1491,PRODUCES,ANPDB
P_200,C_1492,PRODUCES,ANPDB
P_200,C_1493,PRODUCES,ANPDB
P_200,C_1494,PRODUCES,ANPDB
P_200,C_1495,PRODUCES,ANPDB
P_200,C_1496,PRODUCES,ANPDB
P_19,C_1497,PRODUCES,ANPDB
P_302,C_1498,PRODUCES,ANPDB
P_296,C_1499,PRODUCES,ANPDB
P_296,C_1500,PRODUCES,ANPDB
P_296,C_1501,PRODUCES,ANPDB
P_212,C_1502,PRODUCES,ANPDB
P_200,C_1503,PRODUCES,ANPDB
P_296,C_1504,PRODUCES,ANPDB
P_296,C_1505,PRODUCES,ANPDB
P_330,C_1506,PRODUCES,ANPDB
P_242,C_1507,PRODUCES,ANPDB
P_242,C_1509,PRODUCES,ANPDB
P_242,C_1510,PRODUCES,ANPDB
P_242,C_1511,PRODUCES,ANPDB
P_301,C_1513,PRODUCES,ANPDB
P_247,C_1515,PRODUCES,ANPDB
P_302,C_1516,PRODUCES,ANPDB
P_296,C_1517,PRODUCES,ANPDB
P_296,C_1518,PRODUCES,ANPDB
P_296,C_1519,PRODUCES,ANPDB
P_207,C_1520,PRODUCES,ANPDB
P_207,C_1521,PRODUCES,ANPDB
P_207,C_1522,PRODUCES,ANPDB
P_207,C_1523,PRODUCES,ANPDB
P_359,C_1524,PRODUCES,ANPDB
P_200,C_1527,PRODUCES,ANPDB
P_279,C_1530,PRODUCES,ANPDB
P_368,C_1531,PRODUCES,ANPDB
P_368,C_1532,PRODUCES,ANPDB
P_100,C_1534,PRODUCES,ANPDB
P_366,C_1535,PRODUCES,ANPDB
P_263,C_1537,PRODUCES,ANPDB
P_148,C_1538,PRODUCES,ANPDB
P_158,C_1539,PRODUCES,ANPDB
P_183,C_1540,PRODUCES,ANPDB
P_352,C_1541,PRODUCES,ANPDB
P_355,C_1542,PRODUCES,ANPDB
P_355,C_1543,PRODUCES,ANPDB
P_355,C_1544,PRODUCES,ANPDB
P_357,C_1545,PRODUCES,ANPDB
P_356,C_1546,PRODUCES,ANPDB
P_356,C_1547,PRODUCES,ANPDB
P_356,C_1548,PRODUCES,ANPDB
P_356,C_1549,PRODUCES,ANPDB
P_110,C_1550,PRODUCES,ANPDB
P_110,C_1551,PRODUCES,ANPDB
P_110,C_1552,PRODUCES,ANPDB
P_110,C_1553,PRODUCES,ANPDB
P_110,C_1554,PRODUCES,ANPDB
P_110,C_1555,PRODUCES,ANPDB
P_2,C_1556,PRODUCES,ANPDB
P_264,C_1557,PRODUCES,ANPDB
P_264,C_1558,PRODUCES,ANPDB
P_149,C_1559,PRODUCES,ANPDB
P_336,C_1560,PRODUCES,ANPDB
P_336,C_1561,PRODUCES,ANPDB
P_336,C_1562,PRODUCES,ANPDB
P_336,C_1563,PRODUCES,ANPDB
P_336,C_1564,PRODUCES,ANPDB
P_338,C_1565,PRODUCES,ANPDB
P_338,C_1566,PRODUCES,ANPDB
P_172,C_1567,PRODUCES,ANPDB
P_172,C_1568,PRODUCES,ANPDB
P_172,C_1569,PRODUCES,ANPDB
P_172,C_1570,PRODUCES,ANPDB
P_172,C_1571,PRODUCES,ANPDB
P_172,C_1572,PRODUCES,ANPDB
P_172,C_1573,PRODUCES,ANPDB
P_172,C_1574,PRODUCES,ANPDB
P_172,C_1575,PRODUCES,ANPDB
P_172,C_1576,PRODUCES,ANPDB
P_172,C_1577,PRODUCES,ANPDB
P_172,C_1578,PRODUCES,ANPDB
P_172,C_1579,PRODUCES,ANPDB
P_172,C_1580,PRODUCES,ANPDB
P_173,C_1581,PRODUCES,ANPDB
P_173,C_1582,PRODUCES,ANPDB
P_173,C_1583,PRODUCES,ANPDB
P_173,C_1584,PRODUCES,ANPDB
P_176,C_1586,PRODUCES,ANPDB
P_176,C_1587,PRODUCES,ANPDB
P_176,C_1588,PRODUCES,ANPDB
P_176,C_1589,PRODUCES,ANPDB
P_176,C_1590,PRODUCES,ANPDB
P_176,C_1591,PRODUCES,ANPDB
P_206,C_1592,PRODUCES,ANPDB
P_4,C_1593,PRODUCES,ANPDB
P_4,C_1594,PRODUCES,ANPDB
P_4,C_1595,PRODUCES,ANPDB
P_6,C_1596,PRODUCES,ANPDB
P_6,C_1597,PRODUCES,ANPDB
P_6,C_1598,PRODUCES,ANPDB
P_188,C_1599,PRODUCES,ANPDB
P_201,C_1600,PRODUCES,ANPDB
P_201,C_1601,PRODUCES,ANPDB
P_201,C_1602,PRODUCES,ANPDB
P_201,C_1603,PRODUCES,ANPDB
P_202,C_1604,PRODUCES,ANPDB
P_202,C_1605,PRODUCES,ANPDB
P_202,C_1606,PRODUCES,ANPDB
P_202,C_1607,PRODUCES,ANPDB
P_202,C_1608,PRODUCES,ANPDB
P_202,C_1609,PRODUCES,ANPDB
P_210,C_1611,PRODUCES,ANPDB
P_210,C_1612,PRODUCES,ANPDB
P_210,C_1613,PRODUCES,ANPDB
P_210,C_1614,PRODUCES,ANPDB
P_210,C_1615,PRODUCES,ANPDB
P_210,C_1616,PRODUCES,ANPDB
P_211,C_1617,PRODUCES,ANPDB
P_211,C_1618,PRODUCES,ANPDB
P_213,C_1620,PRODUCES,ANPDB
P_213,C_1621,PRODUCES,ANPDB
P_213,C_1622,PRODUCES,ANPDB
P_208,C_1623,PRODUCES,ANPDB
P_208,C_1624,PRODUCES,ANPDB
P_213,C_1625,PRODUCES,ANPDB
P_213,C_1626,PRODUCES,ANPDB
P_261,C_1627,PRODUCES,ANPDB
P_26,C_1628,PRODUCES,ANPDB
P_26,C_1629,PRODUCES,ANPDB
P_280,C_1630,PRODUCES,ANPDB
P_280,C_1631,PRODUCES,ANPDB
P_280,C_1632,PRODUCES,ANPDB
P_280,C_1633,PRODUCES,ANPDB
P_280,C_1634,PRODUCES,ANPDB
P_280,C_1635,PRODUCES,ANPDB
P_280,C_1636,PRODUCES,ANPDB
P_281,C_1639,PRODUCES,ANPDB
P_281,C_1640,PRODUCES,ANPDB
P_281,C_1641,PRODUCES,ANPDB
P_281,C_1642,PRODUCES,ANPDB
P_281,C_1643,PRODUCES,ANPDB
P_277,C_1644,PRODUCES,ANPDB
P_277,C_1645,PRODUCES,ANPDB
P_277,C_1646,PRODUCES,ANPDB
P_277,C_1647,PRODUCES,ANPDB
P_277,C_1648,PRODUCES,ANPDB
P_277,C_1649,PRODUCES,ANPDB
P_277,C_1650,PRODUCES,ANPDB
P_277,C_1651,PRODUCES,ANPDB
P_277,C_1652,PRODUCES,ANPDB
P_277,C_1653,PRODUCES,ANPDB
P_277,C_1654,PRODUCES,ANPDB
P_277,C_1655,PRODUCES,ANPDB
P_278,C_1656,PRODUCES,ANPDB
P_278,C_1657,PRODUCES,ANPDB
P_278,C_1658,PRODUCES,ANPDB
P_278,C_1659,PRODUCES,ANPDB
P_278,C_1660,PRODUCES,ANPDB
P_278,C_1661,PRODUCES,ANPDB
P_278,C_1662,PRODUCES,ANPDB
P_278,C_1663,PRODUCES,ANPDB
P_278,C_1664,PRODUCES,ANPDB
P_278,C_1665,PRODUCES,ANPDB
P_280,C_1666,PRODUCES,ANPDB
P_280,C_1667,PRODUCES,ANPDB
P_280,C_1670,PRODUCES,ANPDB
P_280,C_1671,PRODUCES,ANPDB
P_280,C_1672,PRODUCES,ANPDB
P_280,C_1673,PRODUCES,ANPDB
P_280,C_1674,PRODUCES,ANPDB
P_280,C_1675,PRODUCES,ANPDB
P_280,C_1676,PRODUCES,ANPDB
P_280,C_1677,PRODUCES,ANPDB
P_281,C_1679,PRODUCES,ANPDB
P_281,C_1680,PRODUCES,ANPDB
P_281,C_1681,PRODUCES,ANPDB
P_281,C_1682,PRODUCES,ANPDB
P_281,C_1683,PRODUCES,ANPDB
P_281,C_1684,PRODUCES,ANPDB
P_281,C_1685,PRODUCES,ANPDB
P_281,C_1686,PRODUCES,ANPDB
P_281,C_1687,PRODUCES,ANPDB
P_281,C_1688,PRODUCES,ANPDB
P_281,C_1689,PRODUCES,ANPDB
P_281,C_1690,PRODUCES,ANPDB
P_281,C_1691,PRODUCES,ANPDB
P_281,C_1692,PRODUCES,ANPDB
P_281,C_1693,PRODUCES,ANPDB
P_281,C_1694,PRODUCES,ANPDB
P_281,C_1695,PRODUCES,ANPDB
P_281,C_1696,PRODUCES,ANPDB
P_281,C_1697,PRODUCES,ANPDB
P_281,C_1698,PRODUCES,ANPDB
P_281,C_1699,PRODUCES,ANPDB
P_281,C_1700,PRODUCES,ANPDB
P_281,C_1701,PRODUCES,ANPDB
P_281,C_1702,PRODUCES,ANPDB
P_281,C_1703,PRODUCES,ANPDB
P_201,C_1704,PRODUCES,ANPDB
P_201,C_1705,PRODUCES,ANPDB
P_201,C_1706,PRODUCES,ANPDB
P_201,C_1707,PRODUCES,ANPDB
P_201,C_1709,PRODUCES,ANPDB
P_201,C_1710,PRODUCES,ANPDB
P_208,C_1711,PRODUCES,ANPDB
P_208,C_1712,PRODUCES,ANPDB
P_208,C_1713,PRODUCES,ANPDB
P_208,C_1714,PRODUCES,ANPDB
P_208,C_1715,PRODUCES,ANPDB
P_208,C_1716,PRODUCES,ANPDB
P_208,C_1717,PRODUCES,ANPDB
P_208,C_1718,PRODUCES,ANPDB
P_208,C_1719,PRODUCES,ANPDB
P_208,C_1720,PRODUCES,ANPDB
P_208,C_1721,PRODUCES,ANPDB
P_15,C_1722,PRODUCES,ANPDB
P_208,C_1723,PRODUCES,ANPDB
P_208,C_1724,PRODUCES,ANPDB
P_208,C_1725,PRODUCES,ANPDB
P_208,C_1726,PRODUCES,ANPDB
P_208,C_1727,PRODUCES,ANPDB
P_208,C_1728,PRODUCES,ANPDB
P_216,C_1729,PRODUCES,ANPDB
P_216,C_1730,PRODUCES,ANPDB
P_216,C_1731,PRODUCES,ANPDB
P_216,C_1732,PRODUCES,ANPDB
P_324,C_1734,PRODUCES,ANPDB
P_324,C_1735,PRODUCES,ANPDB
P_324,C_1736,PRODUCES,ANPDB
P_192,C_1737,PRODUCES,ANPDB
P_146,C_1738,PRODUCES,ANPDB
P_0,C_1739,PRODUCES,ANPDB
P_0,C_1740,PRODUCES,ANPDB
P_0,C_1741,PRODUCES,ANPDB
P_0,C_1742,PRODUCES,ANPDB
P_0,C_1743,PRODUCES,ANPDB
P_0,C_1744,PRODUCES,ANPDB
P_0,C_1745,PRODUCES,ANPDB
P_5,C_1746,PRODUCES,ANPDB
P_5,C_1747,PRODUCES,ANPDB
P_5,C_1748,PRODUCES,ANPDB
P_5,C_1749,PRODUCES,ANPDB
P_5,C_1750,PRODUCES,ANPDB
P_5,C_1751,PRODUCES,ANPDB
P_22,C_1752,PRODUCES,ANPDB
P_203,C_1753,PRODUCES,ANPDB
P_203,C_1754,PRODUCES,ANPDB
P_202,C_1755,PRODUCES,ANPDB
P_202,C_1756,PRODUCES,ANPDB
P_138,C_1757,PRODUCES,ANPDB
P_250,C_1758,PRODUCES,ANPDB
P_250,C_1759,PRODUCES,ANPDB
P_250,C_1760,PRODUCES,ANPDB
P_250,C_1761,PRODUCES,ANPDB
P_251,C_1762,PRODUCES,ANPDB
P_251,C_1763,PRODUCES,ANPDB
P_252,C_1764,PRODUCES,ANPDB
P_252,C_1765,PRODUCES,ANPDB
P_253,C_1766,PRODUCES,ANPDB
P_253,C_1767,PRODUCES,ANPDB
P_253,C_1768,PRODUCES,ANPDB
P_253,C_1769,PRODUCES,ANPDB
P_253,C_1770,PRODUCES,ANPDB
P_253,C_1771,PRODUCES,ANPDB
P_253,C_1772,PRODUCES,ANPDB
P_253,C_1773,PRODUCES,ANPDB
P_255,C_1775,PRODUCES,ANPDB
P_255,C_1776,PRODUCES,ANPDB
P_255,C_1777,PRODUCES,ANPDB
P_255,C_1778,PRODUCES,ANPDB
P_255,C_1779,PRODUCES,ANPDB
P_255,C_1780,PRODUCES,ANPDB
P_255,C_1781,PRODUCES,ANPDB
P_255,C_1784,PRODUCES,ANPDB
P_255,C_1785,PRODUCES,ANPDB
P_261,C_1786,PRODUCES,ANPDB
P_261,C_1787,PRODUCES,ANPDB
P_261,C_1788,PRODUCES,ANPDB
P_261,C_1789,PRODUCES,ANPDB
P_261,C_1790,PRODUCES,ANPDB
P_261,C_1791,PRODUCES,ANPDB
P_261,C_1792,PRODUCES,ANPDB
P_261,C_1793,PRODUCES,ANPDB
P_261,C_1794,PRODUCES,ANPDB
P_261,C_1795,PRODUCES,ANPDB
P_261,C_1796,PRODUCES,ANPDB
P_261,C_1797,PRODUCES,ANPDB
P_261,C_1798,PRODUCES,ANPDB
P_261,C_1799,PRODUCES,ANPDB
P_261,C_1800,PRODUCES,ANPDB
P_261,C_1801,PRODUCES,ANPDB
P_300,C_1802,PRODUCES,ANPDB
P_199,C_1803,PRODUCES,ANPDB
P_199,C_1804,PRODUCES,ANPDB
P_199,C_1805,PRODUCES,ANPDB
P_200,C_1806,PRODUCES,ANPDB
P_313,C_1807,PRODUCES,ANPDB
P_322,C_1808,PRODUCES,ANPDB
P_296,C_1809,PRODUCES,ANPDB
P_296,C_1810,PRODUCES,ANPDB
P_296,C_1811,PRODUCES,ANPDB
P_296,C_1812,PRODUCES,ANPDB
P_247,C_1815,PRODUCES,ANPDB
P_336,C_1816,PRODUCES,ANPDB
P_336,C_1817,PRODUCES,ANPDB
P_332,C_1818,PRODUCES,ANPDB
P_370,C_1819,PRODUCES,ANPDB
P_370,C_1820,PRODUCES,ANPDB
P_370,C_1821,PRODUCES,ANPDB
P_370,C_1822,PRODUCES,ANPDB
P_370,C_1823,PRODUCES,ANPDB
P_370,C_1824,PRODUCES,ANPDB
P_370,C_1825,PRODUCES,ANPDB
P_369,C_1826,PRODUCES,ANPDB
P_369,C_1827,PRODUCES,ANPDB
P_369,C_1828,PRODUCES,ANPDB
P_369,C_1829,PRODUCES,ANPDB
P_369,C_1830,PRODUCES,ANPDB
P_370,C_1831,PRODUCES,ANPDB
P_370,C_1832,PRODUCES,ANPDB
P_370,C_1833,PRODUCES,ANPDB
P_373,C_1834,PRODUCES,ANPDB
P_373,C_1835,PRODUCES,ANPDB
P_373,C_1836,PRODUCES,ANPDB
P_373,C_1837,PRODUCES,ANPDB
P_373,C_1838,PRODUCES,ANPDB
P_373,C_1839,PRODUCES,ANPDB
P_292,C_1840,PRODUCES,ANPDB
P_292,C_1841,PRODUCES,ANPDB
P_19,C_1842,PRODUCES,ANPDB
P_78,C_1843,PRODUCES,ANPDB
P_150,C_1844,PRODUCES,ANPDB
P_150,C_1845,PRODUCES,ANPDB
P_150,C_1846,PRODUCES,ANPDB
P_150,C_1847,PRODUCES,ANPDB
P_150,C_1848,PRODUCES,ANPDB
P_309,C_1849,PRODUCES,ANPDB
P_309,C_1850,PRODUCES,ANPDB
P_309,C_1851,PRODUCES,ANPDB
P_207,C_1853,PRODUCES,ANPDB
P_207,C_1854,PRODUCES,ANPDB
P_207,C_1855,PRODUCES,ANPDB
P_207,C_1856,PRODUCES,ANPDB
P_207,C_1857,PRODUCES,ANPDB
P_207,C_1858,PRODUCES,ANPDB
P_207,C_1859,PRODUCES,ANPDB
P_207,C_1860,PRODUCES,ANPDB
P_207,C_1861,PRODUCES,ANPDB
P_207,C_1862,PRODUCES,ANPDB
P_207,C_1863,PRODUCES,ANPDB
P_207,C_1864,PRODUCES,ANPDB
P_271,C_1865,PRODUCES,ANPDB
P_312,C_1866,PRODUCES,ANPDB
P_312,C_1867,PRODUCES,ANPDB
P_312,C_1868,PRODUCES,ANPDB
P_312,C_1869,PRODUCES,ANPDB
P_312,C_1870,PRODUCES,ANPDB
P_312,C_1871,PRODUCES,ANPDB
P_312,C_1872,PRODUCES,ANPDB
P_312,C_1873,PRODUCES,ANPDB
P_367,C_1874,PRODUCES,ANPDB
P_371,C_1876,PRODUCES,ANPDB
P_194,C_1877,PRODUCES,ANPDB
P_364,C_1878,PRODUCES,ANPDB
P_364,C_1879,PRODUCES,ANPDB
P_364,C_1880,PRODUCES,ANPDB
P_364,C_1881,PRODUCES,ANPDB
P_85,C_1882,PRODUCES,ANPDB
P_85,C_1884,PRODUCES,ANPDB
P_87,C_1885,PRODUCES,ANPDB
P_87,C_1886,PRODUCES,ANPDB
P_87,C_1887,PRODUCES,ANPDB
P_87,C_1888,PRODUCES,ANPDB
P_87,C_1889,PRODUCES,ANPDB
P_87,C_1890,PRODUCES,ANPDB
P_87,C_1891,PRODUCES,ANPDB
P_143,C_1892,PRODUCES,ANPDB
P_337,C_1893,PRODUCES,ANPDB
P_337,C_1894,PRODUCES,ANPDB
P_284,C_1895,PRODUCES,ANPDB
P_231,C_1896,PRODUCES,ANPDB
P_231,C_1897,PRODUCES,ANPDB
P_231,C_1898,PRODUCES,ANPDB
P_231,C_1899,PRODUCES,ANPDB
P_231,C_1900,PRODUCES,ANPDB
P_232,C_1901,PRODUCES,ANPDB
P_232,C_1902,PRODUCES,ANPDB
P_232,C_1903,PRODUCES,ANPDB
P_232,C_1904,PRODUCES,ANPDB
P_232,C_1905,PRODUCES,ANPDB
P_232,C_1906,PRODUCES,ANPDB
P_233,C_1907,PRODUCES,ANPDB
P_233,C_1908,PRODUCES,ANPDB
P_233,C_1909,PRODUCES,ANPDB
P_229,C_1910,PRODUCES,ANPDB
P_229,C_1911,PRODUCES,ANPDB
P_233,C_1912,PRODUCES,ANPDB
P_233,C_1913,PRODUCES,ANPDB
P_233,C_1914,PRODUCES,ANPDB
P_233,C_1915,PRODUCES,ANPDB
P_233,C_1916,PRODUCES,ANPDB
P_233,C_1917,PRODUCES,ANPDB
P_233,C_1918,PRODUCES,ANPDB
P_233,C_1919,PRODUCES,ANPDB
P_233,C_1920,PRODUCES,ANPDB
P_233,C_1921,PRODUCES,ANPDB
P_233,C_1922,PRODUCES,ANPDB
P_233,C_1923,PRODUCES,ANPDB
P_233,C_1924,PRODUCES,ANPDB
P_235,C_1925,PRODUCES,ANPDB
P_235,C_1926,PRODUCES,ANPDB
P_237,C_1927,PRODUCES,ANPDB
P_237,C_1928,PRODUCES,ANPDB
P_237,C_1929,PRODUCES,ANPDB
P_237,C_1930,PRODUCES,ANPDB
P_241,C_1931,PRODUCES,ANPDB
P_241,C_1932,PRODUCES,ANPDB
P_241,C_1933,PRODUCES,ANPDB
P_241,C_1934,PRODUCES,ANPDB
P_241,C_1935,PRODUCES,ANPDB
P_241,C_1936,PRODUCES,ANPDB
P_244,C_1937,PRODUCES,ANPDB
P_244,C_1938,PRODUCES,ANPDB
P_244,C_1939,PRODUCES,ANPDB
P_244,C_1940,PRODUCES,ANPDB
P_244,C_1941,PRODUCES,ANPDB
P_244,C_1942,PRODUCES,ANPDB
P_244,C_1943,PRODUCES,ANPDB
P_244,C_1944,PRODUCES,ANPDB
P_244,C_1945,PRODUCES,ANPDB
P_244,C_1946,PRODUCES,ANPDB
P_246,C_1947,PRODUCES,ANPDB
P_246,C_1948,PRODUCES,ANPDB
P_246,C_1949,PRODUCES,ANPDB
P_246,C_1950,PRODUCES,ANPDB
P_246,C_1951,PRODUCES,ANPDB
P_246,C_1952,PRODUCES,ANPDB
P_246,C_1953,PRODUCES,ANPDB
P_246,C_1954,PRODUCES,ANPDB
P_246,C_1955,PRODUCES,ANPDB
P_246,C_1956,PRODUCES,ANPDB
P_246,C_1957,PRODUCES,ANPDB
P_246,C_1958,PRODUCES,ANPDB
P_246,C_1959,PRODUCES,ANPDB
P_246,C_1960,PRODUCES,ANPDB
P_246,C_1961,PRODUCES,ANPDB
P_246,C_1962,PRODUCES,ANPDB
P_2,C_1963,PRODUCES,ANPDB
P_2,C_1964,PRODUCES,ANPDB
P_2,C_1965,PRODUCES,ANPDB
P_282,C_1966,PRODUCES,ANPDB
P_282,C_1967,PRODUCES,ANPDB
P_306,C_1968,PRODUCES,ANPDB
P_306,C_1969,PRODUCES,ANPDB
P_254,C_1971,PRODUCES,ANPDB
P_254,C_1972,PRODUCES,ANPDB
P_254,C_1973,PRODUCES,ANPDB
P_298,C_1974,PRODUCES,ANPDB
P_298,C_1975,PRODUCES,ANPDB
P_299,C_1976,PRODUCES,ANPDB
P_299,C_1977,PRODUCES,ANPDB
P_299,C_1978,PRODUCES,ANPDB
P_299,C_1979,PRODUCES,ANPDB
P_223,C_1980,PRODUCES,ANPDB
P_225,C_1981,PRODUCES,ANPDB
P_225,C_1982,PRODUCES,ANPDB
P_225,C_1983,PRODUCES,ANPDB
P_220,C_1984,PRODUCES,ANPDB
P_220,C_1985,PRODUCES,ANPDB
P_220,C_1986,PRODUCES,ANPDB
P_221,C_1987,PRODUCES,ANPDB
P_223,C_1988,PRODUCES,ANPDB
P_223,C_1989,PRODUCES,ANPDB
P_223,C_1990,PRODUCES,ANPDB
P_223,C_1991,PRODUCES,ANPDB
P_223,C_1992,PRODUCES,ANPDB
P_223,C_1993,PRODUCES,ANPDB
P_223,C_1994,PRODUCES,ANPDB
P_223,C_1995,PRODUCES,ANPDB
P_223,C_1996,PRODUCES,ANPDB
P_223,C_1997,PRODUCES,ANPDB
P_223,C_1998,PRODUCES,ANPDB
P_223,C_1999,PRODUCES,ANPDB
P_223,C_2000,PRODUCES,ANPDB
P_223,C_2001,PRODUCES,ANPDB
P_223,C_2002,PRODUCES,ANPDB
P_223,C_2003,PRODUCES,ANPDB
P_223,C_2004,PRODUCES,ANPDB
P_223,C_2005,PRODUCES,ANPDB
P_223,C_2006,PRODUCES,ANPDB
P_223,C_2007,PRODUCES,ANPDB
P_225,C_2008,PRODUCES,ANPDB
P_226,C_2009,PRODUCES,ANPDB
P_226,C_2010,PRODUCES,ANPDB
P_226,C_2011,PRODUCES,ANPDB
P_318,C_2013,PRODUCES,ANPDB
P_318,C_2014,PRODUCES,ANPDB
P_319,C_2015,PRODUCES,ANPDB
P_319,C_2016,PRODUCES,ANPDB
P_319,C_2017,PRODUCES,ANPDB
P_319,C_2018,PRODUCES,ANPDB
P_294,C_2019,PRODUCES,ANPDB
P_363,C_2020,PRODUCES,ANPDB
P_363,C_2021,PRODUCES,ANPDB
P_95,C_2024,PRODUCES,ANPDB
P_115,C_2025,PRODUCES,ANPDB
P_154,C_2026,PRODUCES,ANPDB
P_154,C_2027,PRODUCES,ANPDB
P_339,C_2029,PRODUCES,ANPDB
P_167,C_2030,PRODUCES,ANPDB
P_167,C_2031,PRODUCES,ANPDB
P_167,C_2032,PRODUCES,ANPDB
P_167,C_2033,PRODUCES,ANPDB
P_167,C_2034,PRODUCES,ANPDB
P_167,C_2035,PRODUCES,ANPDB
P_167,C_2036,PRODUCES,ANPDB
P_167,C_2037,PRODUCES,ANPDB
P_167,C_2038,PRODUCES,ANPDB
P_167,C_2039,PRODUCES,ANPDB
P_168,C_2040,PRODUCES,ANPDB
P_168,C_2041,PRODUCES,ANPDB
P_168,C_2042,PRODUCES,ANPDB
P_168,C_2043,PRODUCES,ANPDB
P_169,C_2044,PRODUCES,ANPDB
P_169,C_2045,PRODUCES,ANPDB
P_169,C_2046,PRODUCES,ANPDB
P_323,C_2047,PRODUCES,ANPDB
P_323,C_2048,PRODUCES,ANPDB
P_212,C_2049,PRODUCES,ANPDB
P_214,C_2050,PRODUCES,ANPDB
P_214,C_2051,PRODUCES,ANPDB
P_214,C_2052,PRODUCES,ANPDB
P_214,C_2053,PRODUCES,ANPDB
P_215,C_2054,PRODUCES,ANPDB
P_215,C_2055,PRODUCES,ANPDB
P_215,C_2056,PRODUCES,ANPDB
P_217,C_2057,PRODUCES,ANPDB
P_234,C_2058,PRODUCES,ANPDB
P_234,C_2061,PRODUCES,ANPDB
P_297,C_2062,PRODUCES,ANPDB
P_297,C_2063,PRODUCES,ANPDB
P_297,C_2064,PRODUCES,ANPDB
P_297,C_2065,PRODUCES,ANPDB
P_148,C_2066,PRODUCES,ANPDB
P_148,C_2067,PRODUCES,ANPDB
P_176,C_2068,PRODUCES,ANPDB
P_218,C_2069,PRODUCES,ANPDB
P_218,C_2070,PRODUCES,ANPDB
P_218,C_2071,PRODUCES,ANPDB
P_2,C_2072,PRODUCES,ANPDB
P_2,C_2073,PRODUCES,ANPDB
P_2,C_2074,PRODUCES,ANPDB
P_2,C_2075,PRODUCES,ANPDB
P_2,C_2076,PRODUCES,ANPDB
P_372,C_2077,PRODUCES,ANPDB
P_3,C_2078,PRODUCES,ANPDB
P_112,C_2079,PRODUCES,ANPDB
P_112,C_2080,PRODUCES,ANPDB
P_112,C_2081,PRODUCES,ANPDB
P_176,C_2082,PRODUCES,ANPDB
P_184,C_2083,PRODUCES,ANPDB
P_184,C_2084,PRODUCES,ANPDB
P_327,C_2085,PRODUCES,ANPDB
P_327,C_2086,PRODUCES,ANPDB
P_327,C_2087,PRODUCES,ANPDB
P_327,C_2088,PRODUCES,ANPDB
P_347,C_2089,PRODUCES,ANPDB
P_347,C_2090,PRODUCES,ANPDB
P_347,C_2091,PRODUCES,ANPDB
P_347,C_2092,PRODUCES,ANPDB
P_347,C_2093,PRODUCES,ANPDB
P_345,C_2094,PRODUCES,ANPDB
P_343,C_2095,PRODUCES,ANPDB
P_345,C_2096,PRODUCES,ANPDB
P_343,C_2097,PRODUCES,ANPDB
P_346,C_2098,PRODUCES,ANPDB
P_346,C_2099,PRODUCES,ANPDB
P_348,C_2100,PRODUCES,ANPDB
P_348,C_2101,PRODUCES,ANPDB
P_348,C_2102,PRODUCES,ANPDB
P_343,C_2103,PRODUCES,ANPDB
P_348,C_2104,PRODUCES,ANPDB
P_1,C_2105,PRODUCES,ANPDB
P_1,C_2106,PRODUCES,ANPDB
P_1,C_2107,PRODUCES,ANPDB
P_269,C_2109,PRODUCES,Literature
P_351,C_2117,PRODUCES,Literature
P_193,C_2118,PRODUCES,Literature
P_320,C_2122,PRODUCES,Literature
P_193,C_2123,PRODUCES,Literature
P_320,C_2124,PRODUCES,Literature
P_112,C_2127,PRODUCES,Literature
P_360,C_2130,PRODUCES,ANPDB/EANPDB
P_335,C_2134,PRODUCES,NPASS
P_123,C_2135,PRODUCES,Literature
P_335,C_2144,PRODUCES,Literature
P_193,C_2145,PRODUCES,Literature
P_102,C_2146,PRODUCES,Literature
P_307,C_2151,PRODUCES,ANPDB/EANPDB
P_80,C_2154,PRODUCES,Literature
P_349,C_2158,PRODUCES,NPASS
P_296,C_2161,PRODUCES,ANPDB/EANPDB
P_311,C_2163,PRODUCES,ANPDB/EANPDB
P_2,C_2166,PRODUCES,Literature
P_270,C_2167,PRODUCES,Literature
P_367,C_2168,PRODUCES,ANPDB/EANPDB
P_102,C_2169,PRODUCES,Literature
P_80,C_2170,PRODUCES,Literature
P_296,C_2174,PRODUCES,Literature
P_2,C_2177,PRODUCES,ANPDB/EANPDB
P_112,C_2179,PRODUCES,Literature
P_269,C_2182,PRODUCES,Literature
P_207,C_2184,PRODUCES,Literature
P_351,C_2186,PRODUCES,ANPDB/EANPDB
P_351,C_2189,PRODUCES,Literature
P_102,C_2192,PRODUCES,Literature
P_147,C_2194,PRODUCES,ANPDB/EANPDB
P_335,C_2195,PRODUCES,Literature
P_207,C_2196,PRODUCES,Literature
P_151,C_2197,PRODUCES,Literature
P_2,C_2202,PRODUCES,NPASS
P_298,C_2206,PRODUCES,Literature
P_207,C_2209,PRODUCES,ANPDB/EANPDB
P_360,C_2214,PRODUCES,ANPDB/EANPDB
P_80,C_2216,PRODUCES,Literature
P_351,C_2217,PRODUCES,NPASS
P_307,C_2220,PRODUCES,NPASS
P_141,C_2224,PRODUCES,NAPRALERT
P_350,C_2225,PRODUCES,NAPRALERT
P_374,C_2226,PRODUCES,NAPRALERT
P_248,C_2227,PRODUCES,NAPRALERT
P_367,C_2228,PRODUCES,NAPRALERT
P_333,C_2229,PRODUCES,NAPRALERT
P_350,C_2230,PRODUCES,NAPRALERT
P_368,C_2231,PRODUCES,NAPRALERT
P_141,C_2232,PRODUCES,NAPRALERT
P_350,C_2233,PRODUCES,NAPRALERT
P_151,C_2234,PRODUCES,NAPRALERT
P_151,C_2235,PRODUCES,NAPRALERT
P_296,C_2236,PRODUCES,NAPRALERT
P_360,C_2237,PRODUCES,NAPRALERT
P_201,C_2238,PRODUCES,NAPRALERT
P_102,C_2239,PRODUCES,NAPRALERT
P_204,C_2240,PRODUCES,NAPRALERT
P_197,C_2241,PRODUCES,NAPRALERT
P_375,C_2242,PRODUCES,NPASS
P_207,C_2243,PRODUCES,NPASS
P_375,C_2244,PRODUCES,NPASS
P_207,C_2245,PRODUCES,NPASS
P_375,C_2246,PRODUCES,NPASS
P_207,C_2247,PRODUCES,NPASS
P_207,C_2248,PRODUCES,NPASS
P_207,C_741,PRODUCES,NPASS
P_207,C_2249,PRODUCES,NPASS
P_207,C_2250,PRODUCES,NPASS
P_207,C_2251,PRODUCES,NPASS
P_376,C_2252,PRODUCES,NPASS
P_375,C_2253,PRODUCES,NPASS
P_207,C_2254,PRODUCES,NPASS
P_377,C_2255,PRODUCES,NPASS
P_378,C_2256,PRODUCES,NPASS
P_375,C_2257,PRODUCES,NPASS
P_375,C_2258,PRODUCES,NPASS
P_207,C_2259,PRODUCES,NPASS
P_207,C_2260,PRODUCES,NPASS
P_375,C_2261,PRODUCES,NPASS
P_207,C_2262,PRODUCES,NPASS
P_207,C_2263,PRODUCES,NPASS
P_207,C_1311,PRODUCES,NPASS
P_207,C_2264,PRODUCES,NPASS
P_207,C_2265,PRODUCES,NPASS
P_375,C_2266,PRODUCES,NPASS
P_375,C_2267,PRODUCES,NPASS
P_378,C_2268,PRODUCES,NPASS
