node_id,name,smiles,feat_mw,feat_logp
C_2418,lupenone,C=C(C)[C@@H]1CC[C@]2(C)CC[C@]3(C)[C@H](CC[C@@H]4[C@@]5(C)CCC(=O)C(C)(C)[C@@H]5CC[C@]43C)[C@@H]12,424.7130000000003,8.233000000000008
C_2419,oleanolic acid,CC1(C)CC[C@]2(C(=O)O)CC[C@]3(C)C(=CC[C@@H]4[C@@]5(C)CC[C@H](O)C(C)(C)[C@@H]5CC[C@]43C)[C@@H]2C1,456.7110000000003,7.233600000000009
C_2420,rapanone,CCCCCCCCCCCCCC1=C(O)C(=O)C=C(O)C1=O,322.445,5.093300000000004
C_2421,aposcopolamine,C=C(C(=O)OC1CC2C3OC3C(C1)N2C)c1ccccc1,285.34299999999996,1.8554
C_2422,afzelin,C[C@@H]1O[C@@H](Oc2c(-c3ccc(O)cc3)oc3cc(O)cc(O)c3c2=O)[C@H](O)[C@H](O)[C@H]1O,432.38100000000014,0.7830999999999995
C_2423,sesamin,c1cc2c(cc1[C@H]1OC[C@@H]3[C@@H](c4ccc5c(c4)OCO5)OC[C@H]13)OCO2,354.3580000000002,3.2192000000000016
C_2424,ellagic acid,O=c1oc2c(O)c(O)cc3c(=O)oc4c(O)c(O)cc1c4c23,302.194,1.3127999999999997
C_2425,9-o-demethylhomolycorine,COc1cc2c(cc1O)C(=O)O[C@@H]1CC=C3CCN(C)[C@H]3[C@H]21,301.342,2.0576
C_2426,scopoline,CN1C2CC3CC1[C@H](O)C2O3,155.19699999999997,-0.40890000000000026
C_2427,scopine,CN1[C@H]2CC(O)C[C@@H]1[C@H]1O[C@@H]21,155.19699999999997,-0.40890000000000004
C_2428,valencene,C=C(C)[C@@H]1CCC2=CCC[C@@H](C)[C@]2(C)C1,204.35699999999997,4.7252000000000045
C_2429,abietic acid,CC(C)C1=CC2=CC[C@H]3[C@](C)(C(=O)O)CCC[C@]3(C)[C@H]2CC1,302.458,5.206200000000004
C_2430,delta-tocopherol,Cc1cc(O)cc2c1O[C@](C)(CCC[C@H](C)CCC[C@H](C)CCCC(C)C)CC2,402.66300000000024,8.223420000000006
C_2431,chelerythrine,COc1ccc2c(c[n+](C)c3c4cc5c(cc4ccc23)OCO5)c1OC,348.37800000000016,3.7166000000000032
C_2432,cadinene,CC1=C[C@H]2[C@H](C(C)C)CC=C(C)[C@@H]2CC1,204.35699999999997,4.581100000000004
C_2433,valencene,C=C(C)C1CCC2=CCCC(C)C2(C)C1,204.35699999999997,4.7252000000000045
C_2434,mangiferin,O=c1c2cc(O)c(O)cc2oc2cc(O)c(C3OC(CO)C(O)C(O)C3O)c(O)c12,422.3420000000001,-0.7165000000000005
C_2435,lycorine,OC1C=C2CCN3Cc4cc5c(cc4C(C1O)C23)OCO5,287.3150000000001,0.7485999999999999
C_2436,ugandensolide,CC(=O)O[C@@H]1[C@@H](O)C2=C(C(=O)OC2)[C@@]2(C)CCCC(C)(C)[C@H]12,308.37399999999997,1.9786
C_2437,2-(5-ethenyl-5-methyloxolan-2-yl)-6-methylhept-5-en-3-one,C=CC1(C)CCC(C(C)C(=O)CC=C(C)C)O1,236.35499999999996,3.6716000000000024
C_2438,abyssinone iv,CC(C)=CCc1cc(C2CC(=O)c3ccc(O)cc3O2)cc(CC=C(C)C)c1O,392.4950000000002,5.821700000000006
C_2439,artemisin,CC1=C2[C@H]3OC(=O)[C@@H](C)[C@@H]3[C@@H](O)C[C@@]2(C)C=CC1=O,262.305,1.3903999999999999
C_2440,bicyclogermacrene,C/C1=C\[C@H]2[C@@H](CC/C(C)=C/CC1)C2(C)C,204.35699999999997,4.7252000000000045
C_2441,gedunin,CC(=O)O[C@@H]1C[C@H]2C(C)(C)C(=O)C=C[C@]2(C)[C@H]2CC[C@@]3(C)[C@H](c4ccoc4)OC(=O)[C@H]4O[C@]43[C@]12C,482.5730000000003,4.560700000000004
C_2442,pinoresinol,COc1cc(C2OCC3C(c4ccc(O)c(OC)c4)OCC23)ccc1O,358.3900000000001,3.190200000000002
C_2443,"2,3-dehydrokievitone",CC(C)=CCc1c(O)cc(O)c2c(=O)c(-c3ccc(O)cc3O)coc12,354.35800000000006,3.791100000000001
C_2444,sigmoidin b,CC(C)=CCc1cc([C@@H]2CC(=O)c3c(O)cc(O)cc3O2)cc(O)c1O,356.3740000000001,3.724200000000004
C_2445,abyssinin iii,CC(C)=CCc1c([C@@H]2CC(=O)c3c(O)cc(O)cc3O2)cc(O)c(O)c1CC=C(C)C,424.4930000000002,5.232900000000006
C_2446,carpaine,C[C@@H]1N[C@@H]2CCCCCCCC(=O)O[C@H]3CC[C@@H](CCCCCCCC(=O)O[C@H]1CC2)N[C@H]3C,478.7180000000004,5.566000000000006
C_2447,delta-cadinol,CC1=C[C@H]2[C@H](C(C)C)CC[C@](C)(O)[C@H]2CC1,222.37199999999996,3.7759000000000027
C_2448,"(3e)-2,5,5-trimethylhepta-1,3,6-triene",C=CC(C)(C)/C=C/C(=C)C,136.23799999999997,3.3309000000000024
C_2449,obacunone,CC1(C)OC(=O)C=C[C@@]2(C)[C@H]1CC(=O)[C@]1(C)[C@@H]2CC[C@@]2(C)[C@H](c3ccoc3)OC(=O)[C@H]3O[C@]321,454.51900000000023,3.9246000000000025
C_2450,"1,2,3-trimethylbenzene",Cc1cccc(C)c1C,120.195,2.611860000000001
C_2451,knipholone,COc1cc(O)c(-c2c(C)cc(O)c3c2C(=O)c2cccc(O)c2C3=O)c(O)c1C(C)=O,434.4000000000002,3.471020000000002
C_2452,erythrabyssin ii,CC(C)=CCc1cc2c(cc1O)OCC1c3ccc(O)c(CC=C(C)C)c3OC21,392.4950000000002,5.724900000000006
C_2453,taraxerol,CC1(C)CCC2(C)CC=C3C(C)(CCC4C3(C)CCC3C(C)(C)C(O)CCC43C)C2C1,426.72900000000027,8.16890000000001
C_2454,"(4,6-dimethylhept-5-en-2-yl)benzene",CC(C)=CC(C)CC(C)c1ccccc1,202.341,4.782500000000004
C_2455,"6,8-diprenylgenistein",CC(C)=CCc1c(O)c(CC=C(C)C)c2occ(-c3ccc(O)cc3)c(=O)c2c1O,406.4780000000001,5.594200000000007
C_2456,combretastatin,COc1ccc(C[C@@H](O)c2cc(OC)c(OC)c(OC)c2)cc1O,334.36800000000005,2.7027000000000014
C_2457,physcion,COc1cc(O)c2c(c1)C(=O)c1cc(C)cc(O)c1C2=O,284.26700000000005,2.1902200000000005
C_2458,rhoifolin,C[C@@H]1O[C@@H](O[C@H]2[C@H](Oc3cc(O)c4c(=O)cc(-c5ccc(O)cc5)oc4c3)O[C@H](CO)[C@@H](O)[C@@H]2O)[C@H](O)[C@H](O)[C@H]1O,578.5230000000004,-1.0983000000000007
C_2459,warburganal,CC1(C)CCC[C@@]2(C)[C@H]1CC=C(C=O)[C@]2(O)C=O,250.338,2.2780000000000005
C_2460,apigenin 7-rutinoside,C[C@@H]1O[C@@H](OC[C@H]2O[C@@H](Oc3cc(O)c4c(=O)cc(-c5ccc(O)cc5)oc4c3)[C@@H](O)[C@@H](O)[C@@H]2O)[C@@H](O)[C@@H](O)[C@H]1O,578.5230000000004,-1.0983000000000007
C_2461,chlorogenic acid,O=C(/C=C/c1ccc(O)c(O)c1)OC1CC(O)(C(=O)O)CC(O)C1O,354.31100000000004,-0.6459000000000001
C_2462,caryophyllene,C=C1CC/C=C(\C)CCC2C1CC2(C)C,204.35699999999997,4.7252000000000045
C_2463,digallic acid,O=C(O)c1cc(O)c(O)c(OC(=O)c2cc(O)c(O)c(O)c2)c1,322.22499999999997,1.1319999999999995
C_2464,naringenin,O=C1C[C@@H](c2ccc(O)cc2)Oc2cc(O)cc(O)c21,272.25600000000003,2.5099000000000014
C_2465,isoorientin,O=c1cc(-c2ccc(O)c(O)c2)oc2cc(O)c([C@@H]3O[C@H](CO)[C@@H](O)[C@H](O)[C@H]3O)c(O)c12,448.3800000000001,-0.20270000000000032
C_2466,aliarin,COc1c(O)cc2oc(-c3ccc(O)c(CCC(C)(C)O)c3)c(OC)c(=O)c2c1O,416.42600000000016,3.2975000000000025
C_2467,aloesone,CC(=O)Cc1cc(=O)c2c(C)cc(O)cc2o1,232.23499999999999,1.9385199999999998
C_2468,burttinonedehydrate,C=C(C)/C=C/c1cc([C@@H]2CC(=O)c3c(O)cc(O)cc3O2)cc(CC=C(C)C)c1OC,420.5050000000002,5.910900000000006
C_2469,mangiferin,O=c1c2cc(O)c(O)cc2oc2cc(O)c([C@@H]3O[C@H](CO)[C@@H](O)[C@H](O)[C@H]3O)c(O)c12,422.3420000000001,-0.7165000000000005
C_2470,"2,6-di-sec-butylphenol",CCC(C)c1cccc(C(C)CC)c1O,206.32899999999995,4.4192000000000045
C_2471,hyoscyamine,CN1[C@H]2CC[C@@H]1C[C@H](OC(=O)[C@H](CO)c1ccccc1)C2,289.37500000000006,1.9308999999999996
C_2472,eucarvone,CC1=CC=CC(C)(C)CC1=O,150.221,2.4879000000000007
C_2473,apoatropine,C=C(C(=O)OC1CC2CCC(C1)N2C)c1ccccc1,271.35999999999996,2.8682000000000016
C_2474,tricin,COc1cc(-c2cc(=O)c3c(O)cc(O)cc3o2)cc(OC)c1O,330.2920000000001,2.5940000000000007
C_2475,hispidulin,COc1c(O)cc2oc(-c3ccc(O)cc3)cc(=O)c2c1O,300.2660000000001,2.5854000000000004
C_2476,tropinone,CN1[C@H]2CC[C@@H]1CC(=O)C2,139.19799999999998,0.8120999999999999
C_2477,8-c-p-hydroxybenzylkaempferol,O=c1c(O)c(-c2ccc(O)cc2)oc2c(Cc3ccc(O)cc3)c(O)cc(O)c12,392.3630000000001,3.5788000000000006
C_2478,aloin,O=C1c2c(O)cccc2C(C2OC(CO)C(O)C(O)C2O)c2cc(CO)cc(O)c21,418.39800000000014,-0.8912000000000002
C_2479,cycloartenol,CC(C)=CCC[C@@H](C)[C@H]1CC[C@@]2(C)[C@@H]3CC[C@H]4C(C)(C)[C@@H](O)CC[C@@]45C[C@@]35CC[C@]12C,426.7290000000003,8.168900000000008
C_2480,atropine,CN1[C@H]2CC[C@@H]1CC(OC(=O)C(CO)c1ccccc1)C2,289.37500000000006,1.9308999999999996
C_2481,gamma-tocopherol,Cc1c(O)cc2c(c1C)O[C@](C)(CCC[C@H](C)CCC[C@H](C)CCCC(C)C)CC2,416.6900000000003,8.531840000000004
C_2482,abyssinone i,CC1(C)C=Cc2cc([C@@H]3CC(=O)c4ccc(O)cc4O3)ccc2O1,322.36,4.282900000000003
C_2483,gamma-muurolene,C=C1CC[C@@H](C(C)C)[C@@H]2C=C(C)CC[C@H]12,204.35699999999994,4.581100000000004
C_2484,aloin,O=C1c2c(O)cccc2[C@H]([C@@H]2O[C@H](CO)[C@@H](O)[C@H](O)[C@H]2O)c2cc(CO)cc(O)c21,418.39800000000014,-0.8912000000000002
C_2485,maslinic acid,CC1(C)CC[C@]2(C(=O)O)CC[C@]3(C)C(=CC[C@@H]4[C@@]5(C)C[C@@H](O)[C@H](O)C(C)(C)[C@@H]5CC[C@]43C)[C@@H]2C1,472.71000000000026,6.204400000000009
C_2486,ledol,CC1CCC2C1C1C(CCC2(C)O)C1(C)C,222.37199999999996,3.4657000000000027
C_2487,8-prenylluteone,CC(C)=CCc1c(O)c(CC=C(C)C)c2occ(-c3ccc(O)cc3O)c(=O)c2c1O,422.47700000000015,5.299800000000007
C_2488,ethyl gallate,CCOC(=O)c1cc(O)c(O)c(O)c1,198.17399999999998,0.9800999999999997
C_2489,mucusisoflavone a,CC1=C[C@H](c2cc(-c3coc4cc(O)cc(O)c4c3=O)ccc2O)[C@](C)(/C=C/c2cc(-c3coc4cc(O)cc(O)c4c3=O)ccc2O)CC1,672.6860000000001,8.01040000000001
C_2490,atropine,CN1[C@H]2CC[C@@H]1C[C@H](OC(=O)C(CO)c1ccccc1)C2,289.37500000000006,1.9308999999999996
C_2491,trisphaeridine,c1ccc2c(c1)ncc1cc3c(cc12)OCO3,223.23099999999994,3.1167000000000016
C_2492,lycorine,O[C@H]1C=C2CCN3Cc4cc5c(cc4[C@H]([C@@H]1O)[C@@H]23)OCO5,287.3150000000001,0.7485999999999999
C_2493,quinic acid,O=C(O)C1(O)CC(O)C(O)C(O)C1,192.167,-2.3214000000000006
C_2494,eucalyptol,CC12CCC(CC1)C(C)(C)O2,154.253,2.7441000000000013
C_2495,resveratrol,Oc1ccc(/C=C/c2cc(O)cc(O)c2)cc1,228.247,2.9738000000000016
C_2496,pectolinarigenin,COc1ccc(-c2cc(=O)c3c(O)c(OC)c(O)cc3o2)cc1,314.293,2.8884000000000007
C_2497,linalyl acetate,C=CC(C)(CCC=C(C)C)OC(C)=O,196.28999999999996,3.2406000000000024
C_2498,miquelianin,O=C(O)C1OC(Oc2c(-c3ccc(O)c(O)c3)oc3cc(O)cc(O)c3c2=O)C(O)C(O)C1O,478.3620000000002,-0.44659999999999994
C_2499,chrysosplenol d,COc1cc2oc(-c3ccc(O)c(O)c3)c(OC)c(=O)c2c(O)c1OC,360.31800000000015,2.6026000000000007
C_2500,rhamnocitrin,COc1cc(O)c2c(=O)c(O)c(-c3ccc(O)cc3)oc2c1,300.266,2.585400000000001
C_2501,santin,COc1ccc(-c2oc3cc(O)c(OC)c(O)c3c(=O)c2OC)cc1,344.3190000000001,2.897000000000001
C_2502,pseudolycorine,COc1cc2c(cc1O)[C@@H]1[C@H](O)[C@@H](O)C=C3CCN(C2)[C@H]31,289.331,0.7341
C_2503,bergapten,COc1c2ccoc2cc2oc(=O)ccc12,216.19199999999995,2.5478000000000005
C_2504,tazettine,COC1C=CC23c4cc5c(cc4COC2(O)CN(C)C3C1)OCO5,331.3680000000001,1.1607999999999996
C_2505,scopolamine,CN1[C@H]2C[C@H](OC(=O)[C@H](CO)c3ccccc3)C[C@@H]1[C@H]1O[C@@H]21,303.358,0.9180999999999995
C_2506,caffeic acid,O=C(O)C=Cc1ccc(O)c(O)c1,180.159,1.1956
C_2507,avicularin,O=c1c(O[C@@H]2O[C@@H](CO)[C@H](O)[C@H]2O)c(-c2ccc(O)c(O)c2)oc2cc(O)cc(O)c12,434.3530000000002,0.10019999999999951
C_2508,oleanolic acid,CC1(C)CCC2(C(=O)O)CCC3(C)C(=CCC4C5(C)CCC(O)C(C)(C)C5CCC43C)C2C1,456.7110000000003,7.233600000000009
C_2509,pseudotropine,CN1[C@H]2CC[C@@H]1C[C@@H](O)C2,141.21399999999997,0.6038999999999999
C_2510,kumatakenin,COc1cc(O)c2c(=O)c(OC)c(-c3ccc(O)cc3)oc2c1,314.293,2.8884000000000007
C_2511,abyssinone ii,CC(C)=CCc1cc(C2CC(=O)c3ccc(O)cc3O2)ccc1O,324.37600000000003,4.313000000000004
C_2512,myricetin,O=c1c(O)c(-c2cc(O)c(O)c(O)c2)oc2cc(O)cc(O)c12,318.237,1.6935999999999998
C_2513,corosolic acid,C[C@@H]1[C@H]2C3=CC[C@@H]4[C@@]5(C)C[C@@H](O)[C@H](O)C(C)(C)[C@@H]5CC[C@@]4(C)[C@]3(C)CC[C@@]2(C(=O)O)CC[C@H]1C,472.71000000000043,6.060300000000007
C_2514,elemol,C=C[C@]1(C)CC[C@@H](C(C)(C)O)C[C@H]1C(=C)C,222.37199999999996,3.942000000000003
C_2515,chlorogenic acid,O=C(/C=C/c1ccc(O)c(O)c1)O[C@@H]1C[C@](O)(C(=O)O)C[C@@H](O)[C@H]1O,354.31100000000004,-0.6459000000000001
C_2516,ledol,C[C@@H]1CC[C@H]2[C@@H]1[C@H]1[C@@H](CC[C@@]2(C)O)C1(C)C,222.37199999999996,3.4657000000000027
C_2517,homolycorine,COc1cc2c(cc1OC)[C@H]1[C@H]3C(=CC[C@H]1OC2=O)CCN3C,315.3690000000001,2.3606000000000007
C_2518,"3,3,6-trimethylhepta-1,5-dien-4-ol",C=CC(C)(C)C(O)C=C(C)C,154.25299999999996,2.5257000000000005
C_2519,delta-cadinol,CC1=C[C@H]2[C@H](C(C)C)CC[C@@](C)(O)[C@H]2CC1,222.37199999999996,3.7759000000000027
C_2520,acacetin,COc1ccc(-c2cc(=O)c3c(O)cc(O)cc3o2)cc1,284.267,2.8798000000000012
C_2521,isosakuranetin,COc1ccc(C2CC(=O)c3c(O)cc(O)cc3O2)cc1,286.283,2.812900000000001
C_2522,sesamin,c1cc2c(cc1C1OCC3C(c4ccc5c(c4)OCO5)OCC13)OCO2,354.3580000000002,3.2192000000000016
C_2523,thymol,Cc1ccc(C(C)C)c(O)c1,150.221,2.824020000000001
C_2524,gamma-cadinene,C=C1CC[C@H](C(C)C)[C@H]2C=C(C)CC[C@H]12,204.35699999999994,4.581100000000004
C_2525,flindersine,CC1(C)C=Cc2c(O)nc3ccccc3c2O1,227.263,3.124600000000001
C_2526,viridiflorol,C[C@@H]1CC[C@H]2[C@@H]1C1[C@@H](CC[C@]2(C)O)C1(C)C,222.37199999999996,3.4657000000000027
C_2527,sabinene,C=C1CCC2(C(C)C)CC12,136.238,2.9987000000000013
C_2528,p-hydroxybenzoic acid,O=C(O)c1ccc(O)cc1,138.12199999999999,1.0903999999999998
C_2529,isofraxidin,COc1cc2ccc(=O)oc2c(OC)c1O,222.19599999999997,1.5157999999999998
C_2530,lycoramine,COc1ccc2c3c1O[C@H]1C[C@@H](O)CC[C@@]31CCN(C)C2,289.375,2.0743
C_2531,malic acid,O=C(O)CC(O)C(=O)O,134.087,-1.0934000000000001
C_2532,eriodictyol,O=C1C[C@@H](c2ccc(O)c(O)c2)Oc2cc(O)cc(O)c21,288.25500000000005,2.215500000000001
C_2533,mucusisoflavone c,CC(C)=CCc1cc(-c2coc3c(C(C=C(C)C)c4cc(-c5coc6cc(O)cc(O)c6c5=O)ccc4O)c(O)cc(O)c3c2=O)ccc1O,674.7020000000003,8.073799999999999
C_2534,selinene,C=C(C)C1CCC2(C)CCC=C(C)C2C1,204.35699999999997,4.7252000000000045
C_2535,luteolin 7-gentiobioside,O=c1cc(-c2ccc(O)c(O)c2)oc2cc(O[C@@H]3OC(CO[C@@H]4OC(CO)[C@H](O)[C@H](O)C4O)[C@@H](O)[C@H](O)C3O)cc(O)c12,610.5210000000003,-2.4203000000000006
C_2536,cycloartenol,CC(C)=CCCC(C)C1CCC2(C)C3CCC4C(C)(C)C(O)CCC45CC35CCC12C,426.7290000000003,8.168900000000008
C_2537,abyssinone iii,CC(C)=CCc1cc(C2CC(=O)c3ccc(O)cc3O2)cc2c1OC(C)(C)C=C2,390.47900000000016,5.791600000000006
C_2538,droserone,CC1=C(O)C(=O)c2c(O)cccc2C1=O,204.18099999999998,1.6032000000000002
C_2539,erysotrine,COc1cc2c(cc1OC)[C@]13C[C@@H](OC)C=CC1=CCN3CC2,313.3970000000001,2.6721000000000013
C_2540,ingenol,CC1=C[C@]23C(=O)[C@@H](C=C(CO)[C@@H](O)[C@]2(O)[C@H]1O)[C@H]1[C@@H](C[C@H]3C)C1(C)C,348.43900000000014,0.8151999999999993
C_2541,myricetin 3-xyloside,O=c1c(O[C@@H]2OC[C@@H](O)C(O)C2O)c(-c2cc(O)c(O)c(O)c2)oc2cc(O)cc(O)c12,450.3520000000002,-0.19419999999999993
C_2542,bornyl acetate,CC(=O)OC1CC2CCC1(C)C2(C)C,196.29,2.7643000000000013
C_2543,pretazettine,CO[C@@H]1C=C[C@@]23c4cc5c(cc4[C@H](O)O[C@H]2CN(C)[C@H]3C1)OCO5,331.3680000000001,1.3316999999999997
C_2544,arborinine,COc1cc2c(c(O)c1OC)c(=O)c1ccccc1n2C,285.29900000000004,2.4145000000000003
C_2545,pyrogallol,Oc1cccc(O)c1O,126.11099999999998,0.8033999999999997
C_2546,taraxerone,CC1(C)CC[C@]2(C)CC=C3[C@@](C)(CC[C@H]4[C@@]3(C)CC[C@H]3C(C)(C)C(=O)CC[C@@]34C)[C@@H]2C1,424.7130000000003,8.377100000000006
C_2547,combretastatin a-4,COc1ccc(/C=C/c2cc(OC)c(OC)c(OC)c2)cc1O,316.353,3.5970000000000035
C_2548,ingol,C/C1=C\[C@@]23O[C@@]2(C[C@H](C)[C@@H]3O)C(=O)[C@H](C)[C@H](O)C2C([C@H](O)[C@@H]1O)C2(C)C,366.4540000000001,0.41489999999999955
C_2549,combretastatin,COc1ccc(CC(O)c2cc(OC)c(OC)c(OC)c2)cc1O,334.36800000000005,2.7027000000000014
C_2550,nitidine,COc1cc2c[n+](C)c3c4cc5c(cc4ccc3c2cc1OC)OCO5,348.37800000000016,3.7166000000000023
C_2551,luteolin 3'-glucoside,O=c1cc(-c2ccc(O)c(O[C@@H]3O[C@H](CO)[C@@H](O)[C@H](O)[C@H]3O)c2)oc2cc(O)cc(O)c12,448.3800000000001,-0.2445000000000005
C_2552,nitidulin,COc1ccc(C2COc3c(ccc4c3C=CC(C)(CCC=C(C)C)O4)C2)c(O)c1O,422.52100000000024,5.735800000000006
C_2553,casticin,COc1ccc(-c2oc3cc(OC)c(OC)c(O)c3c(=O)c2OC)cc1O,374.34500000000014,2.905600000000002
C_2554,isopropyl isothiocyanate,CC(C)N=C=S,101.174,1.4976
C_2555,sigmoidin a,CC(C)=CCc1cc(C2CC(=O)c3c(O)cc(O)cc3O2)c(CC=C(C)C)c(O)c1O,424.4930000000002,5.232900000000006
C_2556,neoschaftoside,O=c1cc(-c2ccc(O)cc2)oc2c([C@H]3OC[C@H](O)[C@H](O)[C@H]3O)c(O)c([C@@H]3O[C@H](CO)[C@@H](O)[C@H](O)[C@H]3O)c(O)c12,564.4960000000002,-1.7543000000000006
C_2557,betulinic acid,C=C(C)[C@@H]1CC[C@]2(C(=O)O)CC[C@]3(C)[C@H](CC[C@@H]4[C@@]5(C)CC[C@H](O)C(C)(C)[C@@H]5CC[C@]43C)[C@@H]12,456.7110000000003,7.089500000000009
C_2558,dictamnine,COc1c2ccccc2nc2occc12,199.20899999999995,2.989600000000001
C_2559,"2,7,7-trimethylcyclohepta-2,4-dien-1-one",CC1=CC=CCC(C)(C)C1=O,150.221,2.4879000000000007
C_2560,pomolic acid,C[C@@H]1CC[C@]2(C(=O)O)CC[C@]3(C)C(=CC[C@@H]4[C@@]5(C)CC[C@H](O)C(C)(C)[C@@H]5CC[C@]43C)[C@@H]2[C@]1(C)O,472.7100000000003,6.204400000000009
C_2561,euphol,CC(C)=CCC[C@@H](C)[C@@H]1CC[C@]2(C)C3=C(CC[C@@]12C)[C@@]1(C)CC[C@H](O)C(C)(C)[C@@H]1CC3,426.7290000000002,8.479100000000006
C_2562,arjunolic acid,CC1(C)CC[C@]2(C(=O)O)CC[C@]3(C)C(=CC[C@@H]4[C@@]5(C)C[C@@H](O)[C@H](O)[C@@](C)(CO)[C@@H]5CC[C@]43C)[C@@H]2C1,488.7090000000003,5.176800000000005
C_2563,erycristagallin,CC(C)=CCc1cc2c(cc1O)OCc1c-2oc2c(CC=C(C)C)c(O)ccc12,390.47900000000016,6.420800000000006
C_2564,homobutein,COc1cc(/C=C/C(=O)c2ccc(O)cc2O)ccc1O,286.283,2.7081000000000013
C_2565,piperitone,CC1=CC(=O)C(C(C)C)CC1,152.23699999999997,2.567800000000001
C_2566,glutinol,CC1(C)CC[C@]2(C)CC[C@]3(C)[C@H]4CC=C5[C@@H](CC[C@H](O)C5(C)C)[C@]4(C)CC[C@@]3(C)[C@@H]2C1,426.72900000000027,8.168900000000008
C_2567,decyl acetate,CCCCCCCCCCOC(C)=O,200.32199999999997,3.6902000000000026
C_2568,nimbin,COC(=O)CC1C2(C)C3=C(C)C(c4ccoc4)CC3OC2C(OC(C)=O)C2C(C)(C(=O)OC)C=CC(=O)C21C,540.6090000000003,3.922400000000003
C_2569,phellandral,CC(C)C1CC=C(C=O)CC1,152.23699999999997,2.567800000000001
C_2570,plumbagin,CC1=CC(=O)c2c(O)cccc2C1=O,188.182,1.7175
C_2571,cadalene,Cc1ccc2c(C)ccc(C(C)C)c2c1,198.309,4.580040000000004
C_2572,caryophyllene,C=C1CC/C=C(\C)CC[C@@H]2[C@@H]1CC2(C)C,204.35699999999997,4.7252000000000045
C_2573,haemanthamine,CO[C@@H]1C=C[C@@]23c4cc5c(cc4CN(C[C@@H]2O)[C@H]3C1)OCO5,301.34200000000004,1.1866999999999996
C_2574,5-o-methylembelin,CCCCCCCCCCCC1=C(O)C(=O)C=C(OC)C1=O,308.41800000000006,4.401500000000003
C_2575,lupeol,C=C(C)[C@@H]1CC[C@]2(C)CC[C@]3(C)[C@H](CC[C@@H]4[C@@]5(C)CC[C@H](O)C(C)(C)[C@@H]5CC[C@]43C)[C@@H]12,426.72900000000027,8.02480000000001
C_2576,quercitrin,CC1OC(Oc2c(-c3ccc(O)c(O)c3)oc3cc(O)cc(O)c3c2=O)C(O)C(O)C1O,448.38000000000017,0.4886999999999995
C_2577,homogentisic acid,O=C(O)Cc1cc(O)ccc1O,168.148,0.7248999999999999
C_2578,tricyclene,CC1(C)C2CC3C(C2)C31C,136.238,2.6885000000000012
C_2579,loliolide,CC1(C)CC(O)CC2(C)OC(=O)C=C12,196.24599999999998,1.4092
C_2580,borneol,CC1(C)C2CCC1(C)C(O)C2,154.253,2.1935000000000002
C_2581,hygrine,CC(=O)CC1CCCN1C,141.214,1.0596999999999999
C_2582,orientin,O=c1cc(-c2ccc(O)c(O)c2)oc2c([C@@H]3O[C@H](CO)[C@@H](O)[C@H](O)[C@H]3O)c(O)cc(O)c12,448.3800000000001,-0.20270000000000032
C_2583,myricitrin,C[C@@H]1O[C@@H](Oc2c(-c3cc(O)c(O)c(O)c3)oc3cc(O)cc(O)c3c2=O)[C@H](O)[C@H](O)[C@H]1O,464.37900000000013,0.1942999999999998
C_2584,amygdalin,N#CC(O[C@@H]1O[C@H](CO[C@@H]2O[C@H](CO)[C@@H](O)[C@H](O)[C@H]2O)[C@@H](O)[C@H](O)[C@H]1O)c1ccccc1,457.4320000000001,-3.108019999999997
C_2585,furanodienone,C/C1=C/CC/C(C)=C/C(=O)c2c(C)coc2C1,230.30699999999996,3.9996200000000037
C_2586,isorhamnetin,COc1cc(-c2oc3cc(O)cc(O)c3c(=O)c2O)ccc1O,316.265,2.291000000000001
C_2587,sigmoidin f,CC(C)=CCc1c(C2CC(=O)c3c(O)cc(O)cc3O2)cc2c(c1O)OC(C)(C)C=C2,422.4770000000002,5.202800000000006
C_2588,sigmoidin c,CC1(C)C=Cc2cc(C3CC(=O)c4c(O)cc(O)cc4O3)cc(O)c2O1,354.35800000000006,3.694100000000002
C_2589,carvacrol methyl ether,COc1cc(C(C)C)ccc1C,164.248,3.1270200000000017
C_2590,"1,2,4-trimethylbenzene",Cc1ccc(C)c(C)c1,120.195,2.611860000000001
C_2591,furanodienone,C/C1=C\C(=O)c2c(C)coc2C/C(C)=C/CC1,230.30699999999993,3.999620000000003
C_2592,benzyl benzoate,O=C(OCc1ccccc1)c1ccccc1,212.248,3.0436000000000014
C_2593,furanodienone,C/C1=C/C(=O)c2c(C)coc2C/C(C)=C/CC1,230.30699999999993,3.999620000000003
C_2594,cryptochlorogenic acid,O=C(/C=C/c1ccc(O)c(O)c1)O[C@H]1[C@H](O)C[C@](O)(C(=O)O)C[C@H]1O,354.3110000000001,-0.6459000000000006
C_2595,ursolic acid,C[C@@H]1[C@H]2C3=CC[C@@H]4[C@@]5(C)CC[C@H](O)C(C)(C)[C@@H]5CC[C@@]4(C)[C@]3(C)CC[C@@]2(C(=O)O)CC[C@H]1C,456.71100000000035,7.089500000000008
C_2596,naringin,C[C@@H]1O[C@@H](O[C@H]2[C@H](Oc3cc(O)c4c(c3)O[C@H](c3ccc(O)cc3)CC4=O)O[C@H](CO)[C@@H](O)[C@@H]2O)[C@H](O)[C@H](O)[C@H]1O,580.5390000000003,-1.1652000000000007
C_2597,cirsilineol,COc1cc(-c2cc(=O)c3c(O)c(OC)c(OC)cc3o2)ccc1O,344.319,2.8970000000000016
C_2598,ethyl mandelate,CCOC(=O)C(O)c1ccccc1,180.203,1.2831000000000001
C_2599,pinocembrin,O=C1CC(c2ccccc2)Oc2cc(O)cc(O)c21,256.257,2.804300000000002
C_2600,rhoifolin,CC1OC(OC2C(Oc3cc(O)c4c(=O)cc(-c5ccc(O)cc5)oc4c3)OC(CO)C(O)C2O)C(O)C(O)C1O,578.5230000000004,-1.0983000000000007
C_2601,vignafuran,COc1ccc2cc(-c3ccc(O)cc3OC)oc2c1,270.284,3.8226000000000013
C_2602,sericoside,CC1(C)CC[C@]2(C(=O)O[C@@H]3O[C@H](CO)[C@@H](O)[C@H](O)[C@H]3O)CC[C@]3(C)C(=CC[C@@H]4[C@@]5(C)C[C@@H](O)[C@H](O)[C@](C)(CO)[C@@H]5CC[C@]43C)[C@@H]2[C@@H]1O,666.8490000000003,1.4060999999999992
C_2603,germacrene b,CC(C)=C1C/C=C(\C)CC/C=C(\C)CC1,204.35699999999994,5.179500000000004
C_2604,emodin,Cc1cc(O)c2c(c1)C(=O)c1cc(O)cc(O)c1C2=O,270.24,1.8872199999999997
C_2605,arborescin,CC1=CC[C@]23O[C@@]2(C)CC[C@H]2[C@H](C)C(=O)O[C@@H]2[C@@H]13,248.322,2.4518000000000004
C_2606,chamazulene,CCc1ccc(C)c2ccc(C)c-2c1,184.28199999999998,3.970640000000003
C_2607,camphene,C=C1C2CCC(C2)C1(C)C,136.238,2.9987000000000013
C_2608,quercetin-3-glucoside,O=c1c(O[C@@H]2O[C@H]([C@H](O)CO)[C@H](O)[C@H]2O)c(-c2ccc(O)c(O)c2)oc2cc(O)cc(O)c12,464.3790000000002,-0.5388999999999995
C_2609,isoschaftoside,O=c1cc(-c2ccc(O)cc2)oc2c([C@@H]3O[C@H](CO)[C@@H](O)[C@H](O)[C@H]3O)c(O)c([C@@H]3OC[C@H](O)[C@H](O)[C@H]3O)c(O)c12,564.4960000000002,-1.7543000000000006
C_2610,erystagallin a,COc1ccc2c(c1CC=C(C)C)O[C@H]1c3cc(CC=C(C)C)c(O)cc3OC[C@@]21O,422.5210000000002,5.131900000000006
C_2611,delta-cadinol,CC1=CC2C(C(C)C)CCC(C)(O)C2CC1,222.37199999999996,3.7759000000000027
C_2612,auriculatin,CC(C)=CCc1c2c(c(O)c3c(=O)c(-c4ccc(O)cc4O)coc13)C=CC(C)(C)O2,420.4610000000002,5.269700000000006
C_2613,folitenol,CC(C)=CCc1cc2c(cc1O)OCC1c3ccc4c(c3OC21)C=CC(C)(C)O4,390.47900000000016,5.694800000000004
C_2614,myricitrin,CC1OC(Oc2c(-c3cc(O)c(O)c(O)c3)oc3cc(O)cc(O)c3c2=O)C(O)C(O)C1O,464.37900000000013,0.1942999999999998
C_2615,"1,8-cineole",CC1(C)O[C@]2(C)CC[C@H]1CC2,154.253,2.7441000000000013
C_2616,isobavachalcone,CC(C)=CCc1c(O)ccc(C(=O)/C=C/c2ccc(O)cc2)c1O,324.37600000000003,4.208200000000004
C_2617,isosakuranetin,COc1ccc([C@@H]2CC(=O)c3c(O)cc(O)cc3O2)cc1,286.283,2.812900000000001
C_2618,corosolic acid,C[C@H]1[C@H](C)CC[C@]2(C(=O)O)CC[C@]3(C)C(=CC[C@@H]4[C@@]5(C)C[C@@H](O)[C@H](O)C(C)(C)C5CC[C@]43C)[C@@H]12,472.71000000000026,6.060300000000009
C_2619,furanodienone,CC1=CC(=O)c2c(C)coc2CC(C)=CCC1,230.30699999999993,3.999620000000003
C_2620,tropine,CN1[C@H]2CC[C@@H]1C[C@H](O)C2,141.21399999999997,0.6038999999999999
C_2621,artemetin,COc1ccc(-c2oc3cc(OC)c(OC)c(O)c3c(=O)c2OC)cc1OC,388.3720000000002,3.2086000000000023
C_2622,tazettine,CO[C@@H]1C=C[C@@]23c4cc5c(cc4CO[C@]2(O)CN(C)[C@H]3C1)OCO5,331.3680000000001,1.1607999999999996
C_2623,wighteone,CC(C)=CCc1c(O)cc2occ(-c3ccc(O)cc3)c(=O)c2c1O,338.3590000000001,4.085500000000004
C_2624,azadirachtin,C/C=C(\C)C(=O)O[C@H]1C[C@@H](OC(C)=O)[C@@]2(C(=O)OC)CO[C@H]3[C@@H](O)[C@@](C)([C@]45O[C@@]4(C)[C@H]4C[C@@H]5O[C@@H]5OC=C[C@@]54O)[C@@H]4[C@@](O)(C(=O)OC)OC[C@@]14[C@@H]32,720.7210000000003,-0.2030999999999945
C_2625,3-o-methylcalopocarpin,COc1cc2c(cc1CC=C(C)C)[C@@H]1Oc3cc(O)ccc3[C@@H]1CO2,338.4030000000001,4.519200000000004
C_2626,myrtenal,CC1(C)C2CC=C(C=O)C1C2,150.22099999999998,2.1776999999999997
C_2627,loliolide,CC1(C)C[C@H](O)C[C@@]2(C)OC(=O)C=C12,196.24599999999998,1.4092
C_2628,eupatilin,COc1ccc(-c2cc(=O)c3c(O)c(OC)c(O)cc3o2)cc1OC,344.3190000000001,2.897000000000001
C_2629,isoderrone,CC1(C)C=Cc2cc(-c3coc4cc(O)cc(O)c4c3=O)ccc2O1,336.3430000000001,4.055400000000002
C_2630,apigenin 7-glucuronide,O=C(O)C1O[C@@H](Oc2cc(O)c3c(=O)cc(-c4ccc(O)cc4)oc3c2)C(O)[C@@H](O)[C@@H]1O,446.3640000000001,0.14219999999999955
C_2631,artemisinin,CC1CCC2C(C)C(=O)OC3OC4(C)CCC1C32OO4,282.33599999999996,2.3949000000000007
C_2632,erysodine,COc1cc2c(cc1O)CCN1CC=C3C=C[C@H](OC)C[C@]321,299.37000000000006,2.3691000000000004
C_2633,amygdalin,N#CC(OC1OC(COC2OC(CO)C(O)C(O)C2O)C(O)C(O)C1O)c1ccccc1,457.4320000000001,-3.108019999999997
C_2634,licoagrochalcone a,CC(C)=CCc1cc(/C=C/C(=O)c2ccc(O)cc2O)ccc1O,324.37600000000003,4.208200000000005
C_2635,corylin,CC1(C)C=Cc2cc(-c3coc4cc(O)ccc4c3=O)ccc2O1,320.34400000000005,4.349800000000004
C_2636,hyoscyamine,CN1C2CCC1CC(OC(=O)[C@H](CO)c1ccccc1)C2,289.37500000000006,1.9308999999999996
C_2637,sesartemin,COc1cc([C@H]2OC[C@@H]3[C@@H](c4cc(OC)c5c(c4)OCO5)OC[C@H]23)cc(OC)c1OC,430.45300000000026,3.5249000000000024
C_2638,genistein,O=c1c(-c2ccc(O)cc2)coc2cc(O)cc(O)c12,270.24,2.576800000000001
C_2639,pinoresinol,COc1cc([C@H]2OC[C@@H]3[C@@H](c4ccc(O)c(OC)c4)OC[C@H]23)ccc1O,358.3900000000001,3.190200000000002
C_2640,skimmianine,COc1ccc2c(OC)c3ccoc3nc2c1OC,259.26099999999997,3.006800000000001
C_2641,ayanin,COc1cc(O)c2c(=O)c(OC)c(-c3ccc(OC)c(O)c3)oc2c1,344.3190000000001,2.897000000000001
C_2642,linarin,COc1ccc(-c2cc(=O)c3c(O)cc(O[C@@H]4O[C@H](CO[C@@H]5O[C@@H](C)[C@H](O)[C@@H](O)[C@H]5O)[C@@H](O)[C@H](O)[C@H]4O)cc3o2)cc1,592.5500000000002,-0.7952999999999999
C_2643,camphor,CC12CCC(CC1=O)C2(C)C,152.237,2.401700000000001
C_2644,allo-aromadendrene,C=C1CCC2C([C@H]3[C@@H]1CC[C@H]3C)C2(C)C,204.35699999999994,4.270900000000004
C_2645,erysonine,COc1cc2c(cc1O)CCN1CC=C3C=C[C@H](O)C[C@]321,285.343,1.7149999999999999
C_2646,fraxidin,COc1cc2ccc(=O)oc2c(O)c1OC,222.19599999999997,1.5157999999999998
C_2647,mukaadial,CC1(C)CCC[C@@]2(C)[C@H]1[C@@H](O)C=C(C=O)[C@]2(O)C=O,266.33700000000005,1.2488
C_2648,achillin,CC1=CC(=O)C2=C(C)CC[C@@H]3[C@H](OC(=O)[C@@H]3C)[C@@H]12,246.30599999999998,2.419600000000001
C_2649,primulagenin a,CC1(C)CC[C@@]2(CO)[C@@H](C1)C1=CC[C@@H]3[C@@]4(C)CC[C@H](O)C(C)(C)[C@@H]4CC[C@@]3(C)[C@]1(C)C[C@H]2O,458.72700000000026,6.112100000000007
C_2650,rutin,CC1OC(OCC2OC(Oc3c(-c4ccc(O)c(O)c4)oc4cc(O)cc(O)c4c3=O)C(O)C(O)C2O)C(O)C(O)C1O,610.5210000000004,-1.6871000000000003
C_2651,betulin,C=C(C)[C@@H]1CC[C@]2(CO)CC[C@]3(C)[C@H](CC[C@@H]4[C@@]5(C)CC[C@H](O)C(C)(C)[C@@H]5CC[C@]43C)[C@@H]12,442.7280000000003,6.997200000000009
C_2652,n-methyltyramine,CNCCc1ccc(O)cc1,151.20899999999997,1.1541
C_2653,aloeresin a,CC(=O)Cc1cc(=O)c2c(C)cc(O)c([C@@H]3O[C@H](CO)[C@@H](O)[C@H](O)[C@H]3OC(=O)/C=C/c3ccc(O)cc3)c2o1,540.5210000000002,1.423319999999999
C_2654,(+)-taxifolin,O=C1c2c(O)cc(O)cc2O[C@H](c2ccc(O)c(O)c2)[C@H]1O,304.25399999999996,1.1862999999999995
C_2655,caryophyllene oxide,C=C1CCC2OC2(C)CCC2C1CC2(C)C,220.35599999999997,3.9364000000000035
C_2656,aloe emodin,O=C1c2cccc(O)c2C(=O)c2c(O)cc(CO)cc21,270.23999999999995,1.3654999999999993
C_2657,isorhamnetin 5-glucoside,CCC1O[C@@H](Oc2cc(O)cc3oc(-c4ccc(O)c(OC)c4)c(O)c(=O)c23)C(O)[C@@H](O)[C@@H]1O,476.4340000000002,1.181799999999999
C_2658,"4,5-dicaffeoylquinic acid",O=C(/C=C/c1ccc(O)c(O)c1)O[C@@H]1C[C@](O)(C(=O)O)C[C@@H](O)[C@H]1OC(=O)/C=C/c1ccc(O)c(O)c1,516.4550000000003,1.0295999999999998
C_2659,carpaine,CC1NC2CCCCCCCC(=O)OC3CCC(CCCCCCCC(=O)OC1CC2)NC3C,478.7180000000004,5.566000000000006
C_2660,geranyl acetate,CC(=O)OC/C=C(\C)CCC=C(C)C,196.29,3.242200000000002
C_2661,flavone,O=c1cc(-c2ccccc2)oc2ccccc12,222.243,3.4600000000000017
C_2662,abyssinin i,COc1cc([C@@H]2CC(=O)c3c(O)cc(O)cc3O2)cc2c1OC(C)(C)C=C2,368.38500000000016,3.9971000000000023
C_2663,lupeol acetate,C=C(C)[C@@H]1CC[C@]2(C)CC[C@]3(C)[C@H](CC[C@@H]4[C@@]5(C)CC[C@H](OC(C)=O)C(C)(C)[C@@H]5CC[C@]43C)[C@@H]12,468.76600000000036,8.595600000000006
C_2664,luteolin 7-rutinoside,CC1O[C@@H](OCC2O[C@@H](Oc3cc(O)c4c(=O)cc(-c5ccc(O)c(O)c5)oc4c3)C(O)[C@@H](O)[C@@H]2O)C(O)[C@@H](O)[C@H]1O,594.5220000000004,-1.3927000000000012
C_2665,"luteolin 7,3'-diglucoside",O=c1cc(-c2ccc(O)c(O[C@@H]3OC(CO)[C@@H](O)[C@H](O)C3O)c2)oc2cc(O[C@@H]3OC(CO)[C@@H](O)[C@H](O)C3O)cc(O)c12,610.5210000000003,-2.7714000000000003
C_2666,sigmoidin a,CC(C)=CCc1cc([C@@H]2CC(=O)c3c(O)cc(O)cc3O2)c(CC=C(C)C)c(O)c1O,424.4930000000002,5.232900000000006
C_2667,"5-hydroxy-3,6-dimethoxy-2-methylnaphthalene-1,4-dione",COC1=C(C)C(=O)c2ccc(OC)c(O)c2C1=O,248.23399999999995,1.7002
C_2668,lupeol,C=C(C)C1CCC2(C)CCC3(C)C(CCC4C5(C)CCC(O)C(C)(C)C5CCC43C)C12,426.72900000000027,8.02480000000001
C_2669,isowighteone,CC(C)=CCc1cc(-c2coc3cc(O)cc(O)c3c2=O)ccc1O,338.3590000000001,4.085500000000005
C_2670,chrysoeriol,COc1cc(-c2cc(=O)c3c(O)cc(O)cc3o2)ccc1O,300.266,2.5854000000000004
C_2671,burttinone,COc1c(/C=C/C(C)(C)O)cc([C@@H]2CC(=O)c3c(O)cc(O)cc3O2)cc1CC=C(C)C,438.5200000000002,5.105700000000004
C_2672,alpinumisoflavone,CC1(C)C=Cc2c(cc3occ(-c4ccc(O)cc4)c(=O)c3c2O)O1,336.34300000000013,4.055400000000004
C_2673,abietic acid,CC(C)C1=CC2=CCC3C(C)(C(=O)O)CCCC3(C)C2CC1,302.458,5.206200000000004
C_2674,quercitrin,C[C@@H]1O[C@@H](Oc2c(-c3ccc(O)c(O)c3)oc3cc(O)cc(O)c3c2=O)[C@H](O)[C@H](O)[C@H]1O,448.38000000000017,0.4886999999999995
C_2675,ismine,CNc1ccccc1-c1cc2c(cc1CO)OCO2,257.289,2.6163000000000007
C_2676,myrtenol,CC1(C)C2CC=C(CO)C1C2,152.237,1.9710999999999999
C_2677,vicenin-2,O=c1cc(-c2ccc(O)cc2)oc2c([C@@H]3O[C@H](CO)[C@@H](O)[C@H](O)[C@H]3O)c(O)c([C@@H]3O[C@H](CO)[C@@H](O)[C@H](O)[C@H]3O)c(O)c12,594.5220000000003,-2.3934
C_2678,miquelianin,O=C(O)[C@H]1O[C@@H](Oc2c(-c3ccc(O)c(O)c3)oc3cc(O)cc(O)c3c2=O)C(O)C(O)[C@@H]1O,478.3620000000002,-0.44659999999999994
C_2679,parvisoflavone b,CC1(C)C=Cc2c(cc3occ(-c4ccc(O)cc4O)c(=O)c3c2O)O1,352.3420000000001,3.761000000000004
C_2680,saponarin,O=c1cc(-c2ccc(O)cc2)oc2cc(OC3OC(CO)C(O)C(O)C3O)c(C3OC(CO)C(O)C(O)C3O)c(O)c12,594.5220000000003,-2.4352000000000005
C_2681,3-epimacronine,CO[C@@H]1C=C[C@@]23c4cc5c(cc4C(=O)O[C@H]2CN(C)[C@H]3C1)OCO5,329.3520000000001,1.4809999999999997
C_2682,schaftoside,O=c1cc(-c2ccc(O)cc2)oc2c([C@@H]3OC[C@H](O)[C@H](O)[C@H]3O)c(O)c([C@@H]3O[C@H](CO)[C@@H](O)[C@H](O)[C@H]3O)c(O)c12,564.4960000000002,-1.7543000000000006
C_2683,erythraline,CO[C@H]1C=CC2=CCN3CCc4cc5c(cc4[C@]23C1)OCO5,297.35400000000004,2.3836000000000004
C_2684,polygodial,CC1(C)CCC[C@@]2(C)[C@H]1CC=C(C=O)[C@@H]2C=O,234.339,3.163100000000002
C_2685,neoisoschaftoside,O=c1cc(-c2ccc(O)cc2)oc2c([C@@H]3OC(CO)[C@@H](O)[C@H](O)C3O)c(O)c([C@H]3OC[C@H](O)[C@@H](O)C3O)c(O)c12,564.4960000000002,-1.7543000000000006
C_2686,neorautenol,CC1(C)C=Cc2cc3c(cc2O1)OCC1c2ccc(O)cc2OC31,322.36,4.186100000000003
C_2687,littorine,CN1C2CCC1CC(OC(=O)[C@H](O)Cc1ccccc1)C2,289.37500000000006,1.7583999999999997
C_2688,vulgarin,C[C@@H]1C(=O)O[C@H]2[C@H]1CC[C@@]1(C)C(=O)C=C[C@@](C)(O)[C@H]21,264.32099999999997,1.4703
C_2689,syringaresinol,COc1cc(C2OCC3C(c4cc(OC)c(O)c(OC)c4)OCC23)cc(OC)c1O,418.4420000000002,3.207400000000002
C_2690,lucenin-2,O=c1cc(-c2ccc(O)c(O)c2)oc2c([C@@H]3O[C@H](CO)[C@@H](O)[C@H](O)[C@H]3O)c(O)c([C@@H]3O[C@H](CO)[C@@H](O)[C@H](O)[C@H]3O)c(O)c12,610.5210000000003,-2.687800000000001
C_2691,carvone,C=C(C)C1CC=C(C)C(=O)C1,150.22099999999998,2.4879000000000007
C_2692,aloesin,CC(=O)Cc1cc(=O)c2c(C)cc(O)c([C@@H]3O[C@H](CO)[C@@H](O)[C@H](O)[C@H]3O)c2o1,394.3760000000001,-0.5465800000000003
C_2693,saponarin,O=c1cc(-c2ccc(O)cc2)oc2cc(O[C@@H]3O[C@H](CO)[C@@H](O)[C@H](O)[C@H]3O)c([C@@H]3O[C@H](CO)[C@@H](O)[C@H](O)[C@H]3O)c(O)c12,594.5220000000003,-2.4352000000000005
C_2694,embelin,CCCCCCCCCCCC1=C(O)C(=O)C=C(O)C1=O,294.391,4.313100000000002
C_2695,piceid,OC[C@H]1O[C@@H](Oc2cc(O)cc(/C=C/c3ccc(O)cc3)c2)[C@H](O)[C@@H](O)[C@@H]1O,390.38800000000003,0.44689999999999946
C_2696,terpineol,CC1=CCC(C(C)(C)O)CC1,154.25299999999996,2.503700000000001
C_2697,haemanthamine,CO[C@@H]1C=C[C@@]23c4cc5c(cc4CN(C[C@H]2O)[C@H]3C1)OCO5,301.34200000000004,1.1866999999999996
C_2698,harmine,COc1ccc2c(c1)[nH]c1c(C)nccc12,212.25199999999998,3.033120000000001
